Screen selected SOLIDR: score=9.73, 24h momentum=7.60%, spread=0.016%
Loaded 32 historical candles for SOLIDR.
Started paper bot for SOLIDR. Press Ctrl+C to stop.
2026-08-27T12:22:58+00:00 price=Rp 1,849,699.00 equity=Rp 1,000,000.00
2026-08-27T12:23:58+00:00 price=Rp 1,850,000.00 equity=Rp 1,000,000.00
2026-08-27T12:24:59+00:00 price=Rp 1,849,998.00 equity=Rp 1,000,000.00
2026-08-27T12:25:59+00:00 price=Rp 1,855,000.00 equity=Rp 1,000,000.00
Screen selected SOLIDR: score=9.98, 24h momentum=8.02%, spread=0.178%
Loaded 32 historical candles for SOLIDR.
Started paper bot for SOLIDR. Press Ctrl+C to stop.
2026-08-27T12:32:52+00:00 price=Rp 1,854,997.00 equity=Rp 1,000,000.00
2026-08-27T12:33:52+00:00 price=Rp 1,854,665.00 equity=Rp 1,000,000.00
2026-08-27T12:34:54+00:00 price=Rp 1,851,670.00 equity=Rp 1,000,000.00
2026-08-27T12:35:54+00:00 price=Rp 1,851,671.00 equity=Rp 1,000,000.00
2026-08-27T12:36:54+00:00 price=Rp 1,851,671.00 equity=Rp 1,000,000.00
2026-08-27T12:37:54+00:00 price=Rp 1,847,730.00 equity=Rp 1,000,000.00
2026-08-27T12:38:54+00:00 price=Rp 1,848,343.00 equity=Rp 1,000,000.00
2026-08-27T12:39:54+00:00 price=Rp 1,849,276.00 equity=Rp 1,000,000.00
2026-08-27T12:40:54+00:00 price=Rp 1,852,268.00 equity=Rp 1,000,000.00
2026-08-27T12:41:54+00:00 price=Rp 1,852,997.00 equity=Rp 1,000,000.00
2026-08-27T12:42:54+00:00 price=Rp 1,852,995.00 equity=Rp 1,000,000.00
2026-08-27T12:43:54+00:00 price=Rp 1,852,995.00 equity=Rp 1,000,000.00
Screen selected SOLIDR: score=10.06, 24h momentum=8.03%, spread=0.092%
Loaded 32 historical candles for SOLIDR.
Started paper bot for SOLIDR. Press Ctrl+C to stop.
2026-08-27T12:44:18+00:00 price=Rp 1,851,297.00 equity=Rp 1,000,000.00
2026-08-27T12:45:18+00:00 price=Rp 1,848,952.00 equity=Rp 1,000,000.00
2026-08-27T12:46:18+00:00 price=Rp 1,853,000.00 equity=Rp 1,000,000.00
2026-08-27T12:47:18+00:00 price=Rp 1,852,002.00 equity=Rp 1,000,000.00
2026-08-27T12:48:18+00:00 price=Rp 1,852,002.00 equity=Rp 1,000,000.00
2026-08-27T12:49:18+00:00 price=Rp 1,852,998.00 equity=Rp 1,000,000.00
2026-08-27T12:50:18+00:00 price=Rp 1,852,999.00 equity=Rp 1,000,000.00
2026-08-27T12:51:18+00:00 price=Rp 1,856,134.00 equity=Rp 1,000,000.00
2026-08-27T12:52:18+00:00 price=Rp 1,856,977.00 equity=Rp 1,000,000.00
2026-08-27T12:53:19+00:00 price=Rp 1,855,819.00 equity=Rp 1,000,000.00
2026-08-27T12:54:19+00:00 price=Rp 1,852,819.00 equity=Rp 1,000,000.00
2026-08-27T12:55:19+00:00 price=Rp 1,853,043.00 equity=Rp 1,000,000.00
2026-08-27T12:56:19+00:00 price=Rp 1,855,024.00 equity=Rp 1,000,000.00
2026-08-27T12:57:19+00:00 price=Rp 1,855,303.00 equity=Rp 1,000,000.00
2026-08-27T12:58:19+00:00 price=Rp 1,855,890.00 equity=Rp 1,000,000.00
2026-08-27T12:59:19+00:00 price=Rp 1,853,101.00 equity=Rp 1,000,000.00
2026-08-27T13:00:19+00:00 price=Rp 1,853,100.00 equity=Rp 1,000,000.00
2026-08-27T13:01:19+00:00 price=Rp 1,855,215.00 equity=Rp 1,000,000.00
2026-08-27T13:02:19+00:00 price=Rp 1,854,897.00 equity=Rp 1,000,000.00
2026-08-27T13:03:19+00:00 price=Rp 1,854,897.00 equity=Rp 1,000,000.00
2026-08-27T13:04:19+00:00 price=Rp 1,854,897.00 equity=Rp 1,000,000.00
2026-08-27T13:05:19+00:00 price=Rp 1,854,899.00 equity=Rp 1,000,000.00
2026-08-27T13:06:19+00:00 price=Rp 1,854,898.00 equity=Rp 1,000,000.00
2026-08-27T13:07:19+00:00 price=Rp 1,853,102.00 equity=Rp 1,000,000.00
2026-08-27T13:08:19+00:00 price=Rp 1,853,102.00 equity=Rp 1,000,000.00
2026-08-27T13:09:19+00:00 price=Rp 1,854,900.00 equity=Rp 1,000,000.00
2026-08-27T13:10:19+00:00 price=Rp 1,853,306.00 equity=Rp 1,000,000.00
2026-08-27T13:11:19+00:00 price=Rp 1,853,518.00 equity=Rp 1,000,000.00
2026-08-27T13:12:19+00:00 price=Rp 1,853,710.00 equity=Rp 1,000,000.00
2026-08-27T13:13:20+00:00 price=Rp 1,854,800.00 equity=Rp 1,000,000.00
2026-08-27T13:14:20+00:00 price=Rp 1,854,800.00 equity=Rp 1,000,000.00
2026-08-27T13:15:20+00:00 price=Rp 1,854,800.00 equity=Rp 1,000,000.00
2026-08-27T13:16:20+00:00 price=Rp 1,855,898.00 equity=Rp 1,000,000.00
2026-08-27T13:17:20+00:00 BUY executed (sma_crossover): {'time': '2026-08-27T13:17:20+00:00', 'mode': 'paper', 'side': 'buy', 'reason': 'sma_crossover', 'price': 1855900.0, 'amount': 200000.0, 'asset_after': 0.10744113368177165, 'cash_after': 800000.0}
2026-08-27T13:17:20+00:00 price=Rp 1,855,900.00 equity=Rp 999,400.00
2026-08-27T13:18:20+00:00 price=Rp 1,856,509.00 equity=Rp 999,465.43
2026-08-27T13:19:20+00:00 price=Rp 1,856,998.00 equity=Rp 999,517.97
2026-08-27T13:20:20+00:00 price=Rp 1,855,877.00 equity=Rp 999,397.53
2026-08-27T13:21:20+00:00 price=Rp 1,856,995.00 equity=Rp 999,517.65
2026-08-27T13:22:20+00:00 price=Rp 1,856,997.00 equity=Rp 999,517.86
2026-08-27T13:23:20+00:00 price=Rp 1,856,996.00 equity=Rp 999,517.76
2026-08-27T13:24:20+00:00 price=Rp 1,856,995.00 equity=Rp 999,517.65
2026-08-27T13:25:20+00:00 price=Rp 1,856,998.00 equity=Rp 999,517.97
2026-08-27T13:26:20+00:00 price=Rp 1,856,453.00 equity=Rp 999,459.41
2026-08-27T13:27:20+00:00 price=Rp 1,856,998.00 equity=Rp 999,517.97
2026-08-27T13:28:20+00:00 price=Rp 1,860,415.00 equity=Rp 999,885.10
2026-08-27T13:29:20+00:00 price=Rp 1,860,412.00 equity=Rp 999,884.77
2026-08-27T13:30:20+00:00 price=Rp 1,860,412.00 equity=Rp 999,884.77
2026-08-27T13:31:20+00:00 price=Rp 1,856,557.00 equity=Rp 999,470.59
2026-08-27T13:32:20+00:00 price=Rp 1,856,456.00 equity=Rp 999,459.74
2026-08-27T13:33:20+00:00 price=Rp 1,856,456.00 equity=Rp 999,459.74
2026-08-27T13:34:20+00:00 price=Rp 1,852,058.00 equity=Rp 998,987.21
2026-08-27T13:35:20+00:00 price=Rp 1,852,058.00 equity=Rp 998,987.21
2026-08-27T13:36:21+00:00 price=Rp 1,852,061.00 equity=Rp 998,987.53
2026-08-27T13:37:21+00:00 price=Rp 1,852,062.00 equity=Rp 998,987.64
2026-08-27T13:38:21+00:00 SELL executed (sma_crossover): {'time': '2026-08-27T13:38:21+00:00', 'mode': 'paper', 'side': 'sell', 'reason': 'sma_crossover', 'price': 1856493.0, 'amount': 0.10744113368177165, 'asset_after': 0.0, 'cash_after': 998865.3214544965}
2026-08-27T13:38:21+00:00 price=Rp 1,856,493.00 equity=Rp 998,865.32
2026-08-27T13:39:21+00:00 price=Rp 1,852,062.00 equity=Rp 998,865.32
2026-08-27T13:40:21+00:00 price=Rp 1,856,498.00 equity=Rp 998,865.32
2026-08-27T13:41:21+00:00 price=Rp 1,852,872.00 equity=Rp 998,865.32
2026-08-27T13:42:21+00:00 price=Rp 1,856,133.00 equity=Rp 998,865.32
2026-08-27T13:43:21+00:00 price=Rp 1,853,656.00 equity=Rp 998,865.32
2026-08-27T13:44:21+00:00 price=Rp 1,855,344.00 equity=Rp 998,865.32
2026-08-27T13:45:21+00:00 price=Rp 1,856,996.00 equity=Rp 998,865.32
2026-08-27T13:46:21+00:00 price=Rp 1,858,696.00 equity=Rp 998,865.32
2026-08-27T13:47:21+00:00 BUY executed (sma_crossover): {'time': '2026-08-27T13:47:21+00:00', 'mode': 'paper', 'side': 'buy', 'reason': 'sma_crossover', 'price': 1864999.0, 'amount': 199773.06429089932, 'asset_after': 0.10679563104217568, 'cash_after': 799092.2571635972}
2026-08-27T13:47:21+00:00 price=Rp 1,864,999.00 equity=Rp 998,266.00
2026-08-27T13:48:21+00:00 price=Rp 1,860,871.00 equity=Rp 997,825.15
2026-08-27T13:49:21+00:00 price=Rp 1,853,655.00 equity=Rp 997,054.51
2026-08-27T13:50:21+00:00 price=Rp 1,853,656.00 equity=Rp 997,054.62
2026-08-27T13:51:21+00:00 price=Rp 1,860,800.00 equity=Rp 997,817.57
2026-08-27T13:52:21+00:00 price=Rp 1,860,965.00 equity=Rp 997,835.19
2026-08-27T13:53:22+00:00 price=Rp 1,862,397.00 equity=Rp 997,988.12
2026-08-27T13:54:22+00:00 price=Rp 1,863,633.00 equity=Rp 998,120.12
2026-08-27T13:55:22+00:00 price=Rp 1,863,634.00 equity=Rp 998,120.23
2026-08-27T13:56:22+00:00 price=Rp 1,868,372.00 equity=Rp 998,626.22
2026-08-27T13:57:22+00:00 price=Rp 1,872,478.00 equity=Rp 999,064.73
2026-08-27T13:58:22+00:00 price=Rp 1,878,209.00 equity=Rp 999,676.77
2026-08-27T13:59:22+00:00 price=Rp 1,882,000.00 equity=Rp 1,000,081.63
2026-08-27T14:00:22+00:00 price=Rp 1,880,000.00 equity=Rp 999,868.04
2026-08-27T14:01:22+00:00 price=Rp 1,880,000.00 equity=Rp 999,868.04
2026-08-27T14:02:22+00:00 price=Rp 1,878,000.00 equity=Rp 999,654.45
2026-08-27T14:03:22+00:00 price=Rp 1,877,449.00 equity=Rp 999,595.61
2026-08-27T14:04:22+00:00 price=Rp 1,886,780.00 equity=Rp 1,000,592.12
2026-08-27T14:05:22+00:00 price=Rp 1,886,780.00 equity=Rp 1,000,592.12
2026-08-27T14:06:22+00:00 price=Rp 1,886,778.00 equity=Rp 1,000,591.90
2026-08-27T14:07:22+00:00 price=Rp 1,880,000.00 equity=Rp 999,868.04
2026-08-27T14:08:22+00:00 price=Rp 1,873,846.00 equity=Rp 999,210.82
2026-08-27T14:09:22+00:00 price=Rp 1,871,425.00 equity=Rp 998,952.27
2026-08-27T14:10:23+00:00 price=Rp 1,870,805.00 equity=Rp 998,886.06
2026-08-27T14:11:23+00:00 price=Rp 1,870,805.00 equity=Rp 998,886.06
2026-08-27T14:12:23+00:00 price=Rp 1,870,805.00 equity=Rp 998,886.06
2026-08-27T14:13:23+00:00 price=Rp 1,870,687.00 equity=Rp 998,873.46
2026-08-27T14:14:23+00:00 price=Rp 1,870,011.00 equity=Rp 998,801.26
2026-08-27T14:15:23+00:00 price=Rp 1,870,011.00 equity=Rp 998,801.26
2026-08-27T14:16:23+00:00 price=Rp 1,870,012.00 equity=Rp 998,801.37
2026-08-27T14:17:23+00:00 SELL executed (sma_crossover): {'time': '2026-08-27T14:17:23+00:00', 'mode': 'paper', 'side': 'sell', 'reason': 'sma_crossover', 'price': 1870011.0, 'amount': 0.10679563104217568, 'asset_after': 0.0, 'cash_after': 998202.1349500048}
2026-08-27T14:17:23+00:00 price=Rp 1,870,011.00 equity=Rp 998,202.13
2026-08-27T14:18:23+00:00 price=Rp 1,870,012.00 equity=Rp 998,202.13
2026-08-27T14:19:23+00:00 price=Rp 1,879,999.00 equity=Rp 998,202.13
2026-08-27T14:20:24+00:00 price=Rp 1,880,078.00 equity=Rp 998,202.13
2026-08-27T14:21:24+00:00 price=Rp 1,880,078.00 equity=Rp 998,202.13
2026-08-27T14:22:25+00:00 price=Rp 1,880,078.00 equity=Rp 998,202.13
2026-08-27T14:23:25+00:00 price=Rp 1,879,999.00 equity=Rp 998,202.13
2026-08-27T14:24:25+00:00 BUY executed (sma_crossover): {'time': '2026-08-27T14:24:25+00:00', 'mode': 'paper', 'side': 'buy', 'reason': 'sma_crossover', 'price': 1880000.0, 'amount': 199640.42699000097, 'asset_after': 0.10587314133459093, 'cash_after': 798561.7079600038}
2026-08-27T14:24:25+00:00 price=Rp 1,880,000.00 equity=Rp 997,603.21
2026-08-27T14:25:25+00:00 price=Rp 1,880,000.00 equity=Rp 997,603.21
2026-08-27T14:26:25+00:00 price=Rp 1,880,000.00 equity=Rp 997,603.21
2026-08-27T14:27:25+00:00 price=Rp 1,879,999.00 equity=Rp 997,603.11
2026-08-27T14:28:25+00:00 price=Rp 1,879,999.00 equity=Rp 997,603.11
2026-08-27T14:29:25+00:00 price=Rp 1,877,485.00 equity=Rp 997,336.94
2026-08-27T14:30:25+00:00 price=Rp 1,877,510.00 equity=Rp 997,339.59
2026-08-27T14:31:25+00:00 price=Rp 1,880,000.00 equity=Rp 997,603.21
2026-08-27T14:32:25+00:00 price=Rp 1,884,997.00 equity=Rp 998,132.26
2026-08-27T14:33:25+00:00 price=Rp 1,882,110.00 equity=Rp 997,826.61
2026-08-27T14:34:25+00:00 price=Rp 1,886,780.00 equity=Rp 998,321.03
2026-08-27T14:35:25+00:00 price=Rp 1,886,780.00 equity=Rp 998,321.03
2026-08-27T14:36:25+00:00 price=Rp 1,886,685.00 equity=Rp 998,310.98
2026-08-27T14:37:26+00:00 price=Rp 1,894,384.00 equity=Rp 999,126.09
2026-08-27T14:38:26+00:00 price=Rp 1,895,000.00 equity=Rp 999,191.31
2026-08-27T14:39:27+00:00 price=Rp 1,896,708.00 equity=Rp 999,372.14
2026-08-27T14:40:27+00:00 price=Rp 1,897,000.00 equity=Rp 999,403.06
2026-08-27T14:41:27+00:00 price=Rp 1,905,321.00 equity=Rp 1,000,284.03
2026-08-27T14:42:27+00:00 price=Rp 1,906,000.00 equity=Rp 1,000,355.92
2026-08-27T14:43:27+00:00 price=Rp 1,907,111.00 equity=Rp 1,000,473.54
2026-08-27T14:44:27+00:00 price=Rp 1,906,547.00 equity=Rp 1,000,413.83
2026-08-27T14:45:27+00:00 price=Rp 1,902,607.00 equity=Rp 999,996.69
2026-08-27T14:46:27+00:00 price=Rp 1,902,424.00 equity=Rp 999,977.31
2026-08-27T14:47:27+00:00 price=Rp 1,898,113.00 equity=Rp 999,520.89
2026-08-27T14:48:27+00:00 price=Rp 1,894,710.00 equity=Rp 999,160.61
2026-08-27T14:49:27+00:00 price=Rp 1,898,012.00 equity=Rp 999,510.20
2026-08-27T14:50:27+00:00 price=Rp 1,897,214.00 equity=Rp 999,425.71
2026-08-27T14:51:27+00:00 price=Rp 1,895,989.00 equity=Rp 999,296.02
2026-08-27T14:52:27+00:00 price=Rp 1,897,000.00 equity=Rp 999,403.06
2026-08-27T14:53:27+00:00 price=Rp 1,895,811.00 equity=Rp 999,277.17
2026-08-27T14:54:28+00:00 price=Rp 1,891,114.00 equity=Rp 998,779.89
2026-08-27T14:55:28+00:00 price=Rp 1,890,317.00 equity=Rp 998,695.51
2026-08-27T14:56:28+00:00 price=Rp 1,891,971.00 equity=Rp 998,870.62
2026-08-27T14:57:28+00:00 price=Rp 1,890,168.00 equity=Rp 998,679.73
2026-08-27T14:58:28+00:00 price=Rp 1,893,363.00 equity=Rp 999,018.00
2026-08-27T14:59:28+00:00 SELL executed (sma_crossover): {'time': '2026-08-27T14:59:28+00:00', 'mode': 'paper', 'side': 'sell', 'reason': 'sma_crossover', 'price': 1891114.0, 'amount': 0.10587314133459093, 'asset_after': 0.0, 'cash_after': 998179.2332224218}
2026-08-27T14:59:28+00:00 price=Rp 1,891,114.00 equity=Rp 998,179.23
2026-08-27T15:00:28+00:00 price=Rp 1,891,118.00 equity=Rp 998,179.23
2026-08-27T15:01:28+00:00 price=Rp 1,896,166.00 equity=Rp 998,179.23
2026-08-27T15:02:28+00:00 price=Rp 1,897,000.00 equity=Rp 998,179.23
2026-08-27T15:03:28+00:00 price=Rp 1,897,000.00 equity=Rp 998,179.23
2026-08-27T15:04:28+00:00 price=Rp 1,890,001.00 equity=Rp 998,179.23
2026-08-27T15:05:28+00:00 price=Rp 1,894,325.00 equity=Rp 998,179.23
2026-08-27T15:06:28+00:00 price=Rp 1,899,999.00 equity=Rp 998,179.23
2026-08-27T15:07:28+00:00 price=Rp 1,903,550.00 equity=Rp 998,179.23
2026-08-27T15:08:28+00:00 price=Rp 1,903,550.00 equity=Rp 998,179.23
2026-08-27T15:09:28+00:00 BUY executed (sma_crossover): {'time': '2026-08-27T15:09:28+00:00', 'mode': 'paper', 'side': 'buy', 'reason': 'sma_crossover', 'price': 1903565.0, 'amount': 199635.84664448438, 'asset_after': 0.1045600959802008, 'cash_after': 798543.3865779375}
2026-08-27T15:09:28+00:00 price=Rp 1,903,565.00 equity=Rp 997,580.33
2026-08-27T15:10:28+00:00 price=Rp 1,903,105.00 equity=Rp 997,532.23
2026-08-27T15:11:28+00:00 price=Rp 1,901,976.00 equity=Rp 997,414.18
2026-08-27T15:12:28+00:00 price=Rp 1,903,078.00 equity=Rp 997,529.40
2026-08-27T15:13:28+00:00 price=Rp 1,909,999.00 equity=Rp 998,253.07
2026-08-27T15:14:28+00:00 price=Rp 1,904,796.00 equity=Rp 997,709.04
2026-08-27T15:15:28+00:00 price=Rp 1,902,910.00 equity=Rp 997,511.84
2026-08-27T15:16:30+00:00 price=Rp 1,902,910.00 equity=Rp 997,511.84
2026-08-27T15:17:30+00:00 price=Rp 1,903,493.00 equity=Rp 997,572.80
2026-08-27T15:18:30+00:00 price=Rp 1,906,814.00 equity=Rp 997,920.04
2026-08-27T15:19:30+00:00 price=Rp 1,900,698.00 equity=Rp 997,280.55
2026-08-27T15:20:30+00:00 price=Rp 1,902,930.00 equity=Rp 997,513.93
2026-08-27T15:21:30+00:00 price=Rp 1,900,945.00 equity=Rp 997,306.38
2026-08-27T15:22:30+00:00 price=Rp 1,900,217.00 equity=Rp 997,230.26
2026-08-27T15:23:30+00:00 price=Rp 1,900,000.00 equity=Rp 997,207.57
2026-08-27T15:24:30+00:00 price=Rp 1,900,000.00 equity=Rp 997,207.57
2026-08-27T15:25:30+00:00 price=Rp 1,900,384.00 equity=Rp 997,247.72
2026-08-27T15:26:30+00:00 price=Rp 1,900,000.00 equity=Rp 997,207.57
2026-08-27T15:27:30+00:00 price=Rp 1,899,998.00 equity=Rp 997,207.36
2026-08-27T15:28:30+00:00 price=Rp 1,906,443.00 equity=Rp 997,881.25
2026-08-27T15:29:30+00:00 price=Rp 1,905,022.00 equity=Rp 997,732.67
2026-08-27T15:30:30+00:00 price=Rp 1,905,022.00 equity=Rp 997,732.67
2026-08-27T15:31:30+00:00 price=Rp 1,899,501.00 equity=Rp 997,155.39
2026-08-27T15:32:30+00:00 SELL executed (sma_crossover): {'time': '2026-08-27T15:32:30+00:00', 'mode': 'paper', 'side': 'sell', 'reason': 'sma_crossover', 'price': 1900000.0, 'amount': 0.1045600959802008, 'asset_after': 0.0, 'cash_after': 996611.5763932319}
2026-08-27T15:32:30+00:00 price=Rp 1,900,000.00 equity=Rp 996,611.58
2026-08-27T15:33:30+00:00 price=Rp 1,898,479.00 equity=Rp 996,611.58
2026-08-27T15:34:30+00:00 price=Rp 1,889,000.00 equity=Rp 996,611.58
2026-08-27T15:35:31+00:00 price=Rp 1,886,783.00 equity=Rp 996,611.58
2026-08-27T15:36:31+00:00 price=Rp 1,890,196.00 equity=Rp 996,611.58
2026-08-27T15:37:31+00:00 price=Rp 1,894,403.00 equity=Rp 996,611.58
2026-08-27T15:38:31+00:00 price=Rp 1,895,420.00 equity=Rp 996,611.58
2026-08-27T15:39:31+00:00 price=Rp 1,898,479.00 equity=Rp 996,611.58
2026-08-27T15:40:31+00:00 price=Rp 1,898,479.00 equity=Rp 996,611.58
2026-08-27T15:41:31+00:00 price=Rp 1,898,320.00 equity=Rp 996,611.58
2026-08-27T15:42:31+00:00 price=Rp 1,898,316.00 equity=Rp 996,611.58
2026-08-27T15:43:31+00:00 price=Rp 1,900,000.00 equity=Rp 996,611.58
2026-08-27T15:44:31+00:00 price=Rp 1,898,841.00 equity=Rp 996,611.58
2026-08-27T15:45:31+00:00 price=Rp 1,897,631.00 equity=Rp 996,611.58
2026-08-27T15:46:31+00:00 price=Rp 1,898,393.00 equity=Rp 996,611.58
2026-08-27T15:47:31+00:00 price=Rp 1,895,049.00 equity=Rp 996,611.58
2026-08-27T15:48:31+00:00 price=Rp 1,895,048.00 equity=Rp 996,611.58
2026-08-27T15:49:31+00:00 price=Rp 1,895,048.00 equity=Rp 996,611.58
2026-08-27T15:50:31+00:00 price=Rp 1,895,048.00 equity=Rp 996,611.58
2026-08-27T15:51:31+00:00 price=Rp 1,895,049.00 equity=Rp 996,611.58
2026-08-27T15:52:31+00:00 price=Rp 1,896,406.00 equity=Rp 996,611.58
2026-08-27T15:53:31+00:00 price=Rp 1,898,349.00 equity=Rp 996,611.58
2026-08-27T15:54:31+00:00 price=Rp 1,897,547.00 equity=Rp 996,611.58
2026-08-27T15:55:31+00:00 price=Rp 1,897,641.00 equity=Rp 996,611.58
2026-08-27T15:56:31+00:00 price=Rp 1,899,925.00 equity=Rp 996,611.58
2026-08-27T15:57:32+00:00 price=Rp 1,902,222.00 equity=Rp 996,611.58
2026-08-27T15:58:32+00:00 BUY executed (sma_crossover): {'time': '2026-08-27T15:58:32+00:00', 'mode': 'paper', 'side': 'buy', 'reason': 'sma_crossover', 'price': 1901537.0, 'amount': 199322.3152786464, 'asset_after': 0.10450722143866276, 'cash_after': 797289.2611145854}
2026-08-27T15:58:32+00:00 price=Rp 1,901,537.00 equity=Rp 996,013.61
2026-08-27T15:59:32+00:00 price=Rp 1,900,671.00 equity=Rp 995,923.11
2026-08-27T16:00:32+00:00 price=Rp 1,900,269.00 equity=Rp 995,881.09
2026-08-27T16:01:33+00:00 price=Rp 1,897,692.00 equity=Rp 995,611.78
2026-08-27T16:02:33+00:00 price=Rp 1,895,048.00 equity=Rp 995,335.46
2026-08-27T16:03:33+00:00 price=Rp 1,895,065.00 equity=Rp 995,337.24
2026-08-27T16:04:34+00:00 price=Rp 1,895,052.00 equity=Rp 995,335.88
2026-08-27T16:05:34+00:00 price=Rp 1,899,992.00 equity=Rp 995,852.15
2026-08-27T16:06:34+00:00 price=Rp 1,895,617.00 equity=Rp 995,394.93
2026-08-27T16:07:34+00:00 price=Rp 1,896,590.00 equity=Rp 995,496.61
2026-08-27T16:08:34+00:00 SELL executed (sma_crossover): {'time': '2026-08-27T16:08:34+00:00', 'mode': 'paper', 'side': 'sell', 'reason': 'sma_crossover', 'price': 1895065.0, 'amount': 0.10450722143866276, 'asset_after': 0.0, 'cash_after': 994743.0947774579}
2026-08-27T16:08:34+00:00 price=Rp 1,895,065.00 equity=Rp 994,743.09
2026-08-27T16:09:34+00:00 price=Rp 1,895,066.00 equity=Rp 994,743.09
2026-08-27T16:10:34+00:00 price=Rp 1,895,049.00 equity=Rp 994,743.09
2026-08-27T16:11:34+00:00 price=Rp 1,899,992.00 equity=Rp 994,743.09
2026-08-27T16:12:34+00:00 price=Rp 1,899,994.00 equity=Rp 994,743.09
2026-08-27T16:13:34+00:00 price=Rp 1,899,994.00 equity=Rp 994,743.09
2026-08-27T16:14:34+00:00 BUY executed (sma_crossover): {'time': '2026-08-27T16:14:34+00:00', 'mode': 'paper', 'side': 'buy', 'reason': 'sma_crossover', 'price': 1898291.0, 'amount': 198948.61895549158, 'asset_after': 0.10448965574752506, 'cash_after': 795794.4758219663}
2026-08-27T16:14:34+00:00 price=Rp 1,898,291.00 equity=Rp 994,146.25
2026-08-27T16:15:34+00:00 SELL executed (sma_crossover): {'time': '2026-08-27T16:15:34+00:00', 'mode': 'paper', 'side': 'sell', 'reason': 'sma_crossover', 'price': 1898477.0, 'amount': 0.10448965574752506, 'asset_after': 0.0, 'cash_after': 993570.5703720367}
2026-08-27T16:15:34+00:00 price=Rp 1,898,477.00 equity=Rp 993,570.57
2026-08-27T16:16:34+00:00 BUY executed (sma_crossover): {'time': '2026-08-27T16:16:34+00:00', 'mode': 'paper', 'side': 'buy', 'reason': 'sma_crossover', 'price': 1895993.0, 'amount': 198714.11407440735, 'asset_after': 0.10449298691091376, 'cash_after': 794856.4562976293}
2026-08-27T16:16:34+00:00 price=Rp 1,895,993.00 equity=Rp 992,974.43
2026-08-27T16:17:34+00:00 price=Rp 1,897,471.00 equity=Rp 993,128.87
2026-08-27T16:18:34+00:00 price=Rp 1,906,605.00 equity=Rp 994,083.31
2026-08-27T16:19:34+00:00 price=Rp 1,906,999.00 equity=Rp 994,124.48
2026-08-27T16:20:34+00:00 price=Rp 1,906,999.00 equity=Rp 994,124.48
2026-08-27T16:21:34+00:00 price=Rp 1,907,315.00 equity=Rp 994,157.50
2026-08-27T16:22:34+00:00 price=Rp 1,909,552.00 equity=Rp 994,391.25
2026-08-27T16:23:34+00:00 price=Rp 1,913,000.00 equity=Rp 994,751.54
2026-08-27T16:24:34+00:00 price=Rp 1,912,697.00 equity=Rp 994,719.88
2026-08-27T16:25:34+00:00 price=Rp 1,913,697.00 equity=Rp 994,824.37
2026-08-27T16:26:34+00:00 price=Rp 1,913,080.00 equity=Rp 994,759.90
2026-08-27T16:27:34+00:00 price=Rp 1,916,698.00 equity=Rp 995,137.96
2026-08-27T16:28:36+00:00 price=Rp 1,912,210.00 equity=Rp 994,668.99
2026-08-27T16:29:36+00:00 price=Rp 1,913,739.00 equity=Rp 994,828.76
2026-08-27T16:30:36+00:00 price=Rp 1,912,405.00 equity=Rp 994,689.37
2026-08-27T16:31:36+00:00 price=Rp 1,911,091.00 equity=Rp 994,552.06
2026-08-27T16:32:36+00:00 price=Rp 1,917,920.00 equity=Rp 995,265.65
2026-08-27T16:33:36+00:00 price=Rp 1,917,932.00 equity=Rp 995,266.90
2026-08-27T16:34:36+00:00 price=Rp 1,917,288.00 equity=Rp 995,199.61
2026-08-27T16:35:36+00:00 price=Rp 1,912,987.00 equity=Rp 994,750.18
2026-08-27T16:36:36+00:00 price=Rp 1,913,443.00 equity=Rp 994,797.83
2026-08-27T16:37:36+00:00 price=Rp 1,918,158.00 equity=Rp 995,290.52
2026-08-27T16:38:36+00:00 price=Rp 1,918,158.00 equity=Rp 995,290.52
2026-08-27T16:39:36+00:00 price=Rp 1,916,922.00 equity=Rp 995,161.36
2026-08-27T16:40:36+00:00 price=Rp 1,917,035.00 equity=Rp 995,173.17
2026-08-27T16:41:37+00:00 price=Rp 1,920,000.00 equity=Rp 995,482.99
2026-08-27T16:42:37+00:00 price=Rp 1,925,252.00 equity=Rp 996,031.79
2026-08-27T16:43:37+00:00 price=Rp 1,922,893.00 equity=Rp 995,785.29
2026-08-27T16:44:37+00:00 price=Rp 1,925,252.00 equity=Rp 996,031.79
2026-08-27T16:45:37+00:00 price=Rp 1,925,252.00 equity=Rp 996,031.79
2026-08-27T16:46:37+00:00 price=Rp 1,925,251.00 equity=Rp 996,031.68
2026-08-27T16:47:37+00:00 price=Rp 1,925,251.00 equity=Rp 996,031.68
2026-08-27T16:48:37+00:00 price=Rp 1,921,985.00 equity=Rp 995,690.41
2026-08-27T16:49:37+00:00 price=Rp 1,919,789.00 equity=Rp 995,460.94
2026-08-27T16:50:37+00:00 price=Rp 1,924,351.00 equity=Rp 995,937.64
2026-08-27T16:51:37+00:00 price=Rp 1,924,351.00 equity=Rp 995,937.64
2026-08-27T16:52:37+00:00 price=Rp 1,924,351.00 equity=Rp 995,937.64
2026-08-27T16:53:38+00:00 price=Rp 1,928,000.00 equity=Rp 996,318.94
2026-08-27T16:54:38+00:00 price=Rp 1,931,999.00 equity=Rp 996,736.80
2026-08-27T16:55:38+00:00 price=Rp 1,930,069.00 equity=Rp 996,535.13
2026-08-27T16:56:38+00:00 price=Rp 1,930,554.00 equity=Rp 996,585.81
2026-08-27T16:57:38+00:00 price=Rp 1,930,554.00 equity=Rp 996,585.81
2026-08-27T16:58:38+00:00 price=Rp 1,931,270.00 equity=Rp 996,660.63
2026-08-27T16:59:38+00:00 price=Rp 1,928,968.00 equity=Rp 996,420.08
2026-08-27T17:00:38+00:00 price=Rp 1,925,995.00 equity=Rp 996,109.43
2026-08-27T17:01:38+00:00 price=Rp 1,928,002.00 equity=Rp 996,319.14
2026-08-27T17:02:38+00:00 price=Rp 1,921,616.00 equity=Rp 995,651.85
2026-08-27T17:03:38+00:00 price=Rp 1,923,118.00 equity=Rp 995,808.80
2026-08-27T17:04:38+00:00 price=Rp 1,922,065.00 equity=Rp 995,698.77
2026-08-27T17:05:38+00:00 price=Rp 1,924,352.00 equity=Rp 995,937.74
2026-08-27T17:06:38+00:00 price=Rp 1,924,351.00 equity=Rp 995,937.64
2026-08-27T17:07:38+00:00 price=Rp 1,928,002.00 equity=Rp 996,319.14
2026-08-27T17:08:38+00:00 price=Rp 1,933,000.00 equity=Rp 996,841.40
2026-08-27T17:09:38+00:00 price=Rp 1,935,000.00 equity=Rp 997,050.39
2026-08-27T17:10:38+00:00 price=Rp 1,933,002.00 equity=Rp 996,841.61
2026-08-27T17:11:38+00:00 price=Rp 1,931,525.00 equity=Rp 996,687.27
2026-08-27T17:12:39+00:00 price=Rp 1,930,599.00 equity=Rp 996,590.51
2026-08-27T17:13:39+00:00 price=Rp 1,934,000.00 equity=Rp 996,945.89
2026-08-27T17:14:39+00:00 price=Rp 1,934,000.00 equity=Rp 996,945.89
2026-08-27T17:15:39+00:00 price=Rp 1,934,000.00 equity=Rp 996,945.89
2026-08-27T17:16:39+00:00 price=Rp 1,931,533.00 equity=Rp 996,688.11
2026-08-27T17:17:40+00:00 price=Rp 1,931,533.00 equity=Rp 996,688.11
2026-08-27T17:18:40+00:00 price=Rp 1,934,000.00 equity=Rp 996,945.89
2026-08-27T17:19:40+00:00 price=Rp 1,935,000.00 equity=Rp 997,050.39
2026-08-27T17:20:40+00:00 price=Rp 1,935,000.00 equity=Rp 997,050.39
2026-08-27T17:21:40+00:00 price=Rp 1,932,343.00 equity=Rp 996,772.75
2026-08-27T17:22:40+00:00 price=Rp 1,935,000.00 equity=Rp 997,050.39
2026-08-27T17:23:40+00:00 price=Rp 1,933,659.00 equity=Rp 996,910.26
2026-08-27T17:24:40+00:00 price=Rp 1,934,216.00 equity=Rp 996,968.46
2026-08-27T17:25:40+00:00 price=Rp 1,934,908.00 equity=Rp 997,040.77
2026-08-27T17:26:40+00:00 price=Rp 1,933,273.00 equity=Rp 996,869.93
2026-08-27T17:27:40+00:00 price=Rp 1,930,599.00 equity=Rp 996,590.51
2026-08-27T17:28:40+00:00 price=Rp 1,925,154.00 equity=Rp 996,021.55
2026-08-27T17:29:40+00:00 price=Rp 1,912,282.00 equity=Rp 994,676.51
2026-08-27T17:30:40+00:00 SELL executed (sma_crossover): {'time': '2026-08-27T17:30:40+00:00', 'mode': 'paper', 'side': 'sell', 'reason': 'sma_crossover', 'price': 1914478.0, 'amount': 0.10449298691091376, 'asset_after': 0.0, 'cash_after': 994305.8323190759}
2026-08-27T17:30:40+00:00 price=Rp 1,914,478.00 equity=Rp 994,305.83
2026-08-27T17:31:40+00:00 price=Rp 1,914,788.00 equity=Rp 994,305.83
2026-08-27T17:32:40+00:00 price=Rp 1,914,443.00 equity=Rp 994,305.83
2026-08-27T17:33:40+00:00 price=Rp 1,914,157.00 equity=Rp 994,305.83
2026-08-27T17:34:40+00:00 price=Rp 1,910,003.00 equity=Rp 994,305.83
2026-08-27T17:35:41+00:00 price=Rp 1,910,551.00 equity=Rp 994,305.83
2026-08-27T17:36:41+00:00 price=Rp 1,910,003.00 equity=Rp 994,305.83
2026-08-27T17:37:41+00:00 price=Rp 1,910,005.00 equity=Rp 994,305.83
2026-08-27T17:38:41+00:00 price=Rp 1,910,003.00 equity=Rp 994,305.83
2026-08-27T17:39:41+00:00 price=Rp 1,910,004.00 equity=Rp 994,305.83
2026-08-27T17:40:41+00:00 price=Rp 1,913,543.00 equity=Rp 994,305.83
2026-08-27T17:41:41+00:00 price=Rp 1,910,004.00 equity=Rp 994,305.83
2026-08-27T17:42:41+00:00 price=Rp 1,910,411.00 equity=Rp 994,305.83
2026-08-27T17:43:41+00:00 price=Rp 1,910,001.00 equity=Rp 994,305.83
2026-08-27T17:44:41+00:00 price=Rp 1,902,293.00 equity=Rp 994,305.83
2026-08-27T17:45:41+00:00 price=Rp 1,905,065.00 equity=Rp 994,305.83
2026-08-27T17:46:42+00:00 price=Rp 1,905,065.00 equity=Rp 994,305.83
2026-08-27T17:47:42+00:00 price=Rp 1,905,065.00 equity=Rp 994,305.83
2026-08-27T17:48:42+00:00 price=Rp 1,905,065.00 equity=Rp 994,305.83
2026-08-27T17:49:42+00:00 price=Rp 1,910,000.00 equity=Rp 994,305.83
2026-08-27T17:50:42+00:00 price=Rp 1,915,154.00 equity=Rp 994,305.83
2026-08-27T17:51:42+00:00 price=Rp 1,914,817.00 equity=Rp 994,305.83
2026-08-27T17:52:42+00:00 price=Rp 1,916,122.00 equity=Rp 994,305.83
2026-08-27T17:53:42+00:00 price=Rp 1,913,832.00 equity=Rp 994,305.83
2026-08-27T17:54:42+00:00 price=Rp 1,913,832.00 equity=Rp 994,305.83
2026-08-27T17:55:43+00:00 price=Rp 1,916,122.00 equity=Rp 994,305.83
2026-08-27T17:56:43+00:00 BUY executed (sma_crossover): {'time': '2026-08-27T17:56:43+00:00', 'mode': 'paper', 'side': 'buy', 'reason': 'sma_crossover', 'price': 1915947.0, 'amount': 198861.1664638152, 'asset_after': 0.1034812460701803, 'cash_after': 795444.6658552608}
2026-08-27T17:56:43+00:00 price=Rp 1,915,947.00 equity=Rp 993,709.25
2026-08-27T17:57:43+00:00 price=Rp 1,916,121.00 equity=Rp 993,727.25
2026-08-27T17:58:43+00:00 price=Rp 1,916,122.00 equity=Rp 993,727.36
2026-08-27T17:59:43+00:00 price=Rp 1,916,122.00 equity=Rp 993,727.36
2026-08-27T18:00:43+00:00 price=Rp 1,914,564.00 equity=Rp 993,566.13
2026-08-27T18:01:43+00:00 price=Rp 1,912,993.00 equity=Rp 993,403.57
2026-08-27T18:02:43+00:00 price=Rp 1,914,546.00 equity=Rp 993,564.27
2026-08-27T18:03:43+00:00 price=Rp 1,915,318.00 equity=Rp 993,644.16
2026-08-27T18:04:43+00:00 price=Rp 1,913,539.00 equity=Rp 993,460.07
2026-08-27T18:05:43+00:00 price=Rp 1,913,539.00 equity=Rp 993,460.07
2026-08-27T18:06:43+00:00 price=Rp 1,910,004.00 equity=Rp 993,094.26
2026-08-27T18:07:43+00:00 price=Rp 1,914,266.00 equity=Rp 993,535.30
2026-08-27T18:08:43+00:00 price=Rp 1,914,266.00 equity=Rp 993,535.30
2026-08-27T18:09:43+00:00 price=Rp 1,910,630.00 equity=Rp 993,159.04
2026-08-27T18:10:43+00:00 price=Rp 1,910,632.00 equity=Rp 993,159.25
2026-08-27T18:11:44+00:00 price=Rp 1,910,711.00 equity=Rp 993,167.42
2026-08-27T18:12:44+00:00 price=Rp 1,910,632.00 equity=Rp 993,159.25
2026-08-27T18:13:44+00:00 SELL executed (sma_crossover): {'time': '2026-08-27T18:13:44+00:00', 'mode': 'paper', 'side': 'sell', 'reason': 'sma_crossover', 'price': 1909000.0, 'amount': 0.1034812460701803, 'asset_after': 0.0, 'cash_after': 992397.7275069911}
2026-08-27T18:13:44+00:00 price=Rp 1,909,000.00 equity=Rp 992,397.73
2026-08-27T18:14:44+00:00 price=Rp 1,897,457.00 equity=Rp 992,397.73
2026-08-27T18:15:44+00:00 price=Rp 1,900,000.00 equity=Rp 992,397.73
2026-08-27T18:16:44+00:00 price=Rp 1,899,160.00 equity=Rp 992,397.73
2026-08-27T18:17:44+00:00 price=Rp 1,893,048.00 equity=Rp 992,397.73
2026-08-27T18:18:44+00:00 price=Rp 1,893,372.00 equity=Rp 992,397.73
2026-08-27T18:19:44+00:00 price=Rp 1,898,234.00 equity=Rp 992,397.73
2026-08-27T18:20:44+00:00 price=Rp 1,896,842.00 equity=Rp 992,397.73
2026-08-27T18:21:44+00:00 price=Rp 1,890,000.00 equity=Rp 992,397.73
2026-08-27T18:22:44+00:00 price=Rp 1,890,000.00 equity=Rp 992,397.73
2026-08-27T18:23:44+00:00 price=Rp 1,895,312.00 equity=Rp 992,397.73
2026-08-27T18:24:44+00:00 price=Rp 1,897,656.00 equity=Rp 992,397.73
2026-08-27T18:25:44+00:00 price=Rp 1,897,656.00 equity=Rp 992,397.73
2026-08-27T18:26:44+00:00 price=Rp 1,898,028.00 equity=Rp 992,397.73
2026-08-27T18:27:44+00:00 price=Rp 1,899,594.00 equity=Rp 992,397.73
2026-08-27T18:28:44+00:00 price=Rp 1,897,905.00 equity=Rp 992,397.73
2026-08-27T18:29:44+00:00 price=Rp 1,897,905.00 equity=Rp 992,397.73
2026-08-27T18:30:44+00:00 price=Rp 1,894,219.00 equity=Rp 992,397.73
2026-08-27T18:31:44+00:00 price=Rp 1,894,219.00 equity=Rp 992,397.73
2026-08-27T18:32:44+00:00 price=Rp 1,900,994.00 equity=Rp 992,397.73
2026-08-27T18:33:44+00:00 price=Rp 1,900,000.00 equity=Rp 992,397.73
2026-08-27T18:34:44+00:00 price=Rp 1,895,730.00 equity=Rp 992,397.73
2026-08-27T18:35:44+00:00 price=Rp 1,895,730.00 equity=Rp 992,397.73
2026-08-27T18:36:44+00:00 price=Rp 1,899,357.00 equity=Rp 992,397.73
2026-08-27T18:37:45+00:00 price=Rp 1,899,999.00 equity=Rp 992,397.73
2026-08-27T18:38:45+00:00 price=Rp 1,900,000.00 equity=Rp 992,397.73
2026-08-27T18:39:45+00:00 price=Rp 1,905,777.00 equity=Rp 992,397.73
2026-08-27T18:40:45+00:00 BUY executed (sma_crossover): {'time': '2026-08-27T18:40:45+00:00', 'mode': 'paper', 'side': 'buy', 'reason': 'sma_crossover', 'price': 1906045.0, 'amount': 198479.54550139824, 'asset_after': 0.10381922088140313, 'cash_after': 793918.1820055929}
2026-08-27T18:40:45+00:00 price=Rp 1,906,045.00 equity=Rp 991,802.29
2026-08-27T18:41:45+00:00 price=Rp 1,906,045.00 equity=Rp 991,802.29
2026-08-27T18:42:45+00:00 price=Rp 1,905,026.00 equity=Rp 991,696.50
2026-08-27T18:43:45+00:00 price=Rp 1,901,501.00 equity=Rp 991,330.53
2026-08-27T18:44:45+00:00 price=Rp 1,904,282.00 equity=Rp 991,619.26
2026-08-27T18:45:45+00:00 price=Rp 1,903,136.00 equity=Rp 991,500.28
2026-08-27T18:46:45+00:00 price=Rp 1,904,901.00 equity=Rp 991,683.52
2026-08-27T18:47:45+00:00 price=Rp 1,904,909.00 equity=Rp 991,684.35
2026-08-27T18:48:45+00:00 price=Rp 1,905,565.00 equity=Rp 991,752.46
2026-08-27T18:49:45+00:00 price=Rp 1,903,852.00 equity=Rp 991,574.61
2026-08-27T18:50:45+00:00 price=Rp 1,903,852.00 equity=Rp 991,574.61
2026-08-27T18:51:45+00:00 price=Rp 1,903,852.00 equity=Rp 991,574.61
2026-08-27T18:52:45+00:00 price=Rp 1,905,777.00 equity=Rp 991,774.47
2026-08-27T18:53:45+00:00 price=Rp 1,905,777.00 equity=Rp 991,774.47
2026-08-27T18:54:45+00:00 price=Rp 1,905,777.00 equity=Rp 991,774.47
2026-08-27T18:55:45+00:00 price=Rp 1,905,576.00 equity=Rp 991,753.60
2026-08-27T18:56:45+00:00 price=Rp 1,906,691.00 equity=Rp 991,869.36
2026-08-27T18:57:45+00:00 price=Rp 1,909,212.00 equity=Rp 992,131.08
2026-08-27T18:58:45+00:00 price=Rp 1,910,111.00 equity=Rp 992,224.42
2026-08-27T18:59:46+00:00 price=Rp 1,910,115.00 equity=Rp 992,224.83
2026-08-27T19:00:46+00:00 price=Rp 1,920,000.00 equity=Rp 993,251.09
2026-08-27T19:01:46+00:00 price=Rp 1,925,109.00 equity=Rp 993,781.50
2026-08-27T19:02:46+00:00 price=Rp 1,925,109.00 equity=Rp 993,781.50
2026-08-27T19:03:46+00:00 price=Rp 1,917,638.00 equity=Rp 993,005.87
2026-08-27T19:04:46+00:00 price=Rp 1,917,638.00 equity=Rp 993,005.87
2026-08-27T19:05:46+00:00 price=Rp 1,917,638.00 equity=Rp 993,005.87
2026-08-27T19:06:46+00:00 price=Rp 1,917,638.00 equity=Rp 993,005.87
2026-08-27T19:07:46+00:00 price=Rp 1,917,638.00 equity=Rp 993,005.87
2026-08-27T19:08:46+00:00 price=Rp 1,923,379.00 equity=Rp 993,601.89
2026-08-27T19:09:46+00:00 price=Rp 1,923,859.00 equity=Rp 993,651.72
2026-08-27T19:10:46+00:00 price=Rp 1,923,379.00 equity=Rp 993,601.89
2026-08-27T19:11:46+00:00 price=Rp 1,923,379.00 equity=Rp 993,601.89
2026-08-27T19:12:46+00:00 price=Rp 1,925,000.00 equity=Rp 993,770.18
2026-08-27T19:13:46+00:00 price=Rp 1,929,109.00 equity=Rp 994,196.78
2026-08-27T19:14:46+00:00 price=Rp 1,928,014.00 equity=Rp 994,083.09
2026-08-27T19:15:46+00:00 price=Rp 1,929,111.00 equity=Rp 994,196.98
2026-08-27T19:16:47+00:00 price=Rp 1,929,111.00 equity=Rp 994,196.98
2026-08-27T19:17:47+00:00 price=Rp 1,929,111.00 equity=Rp 994,196.98
2026-08-27T19:18:47+00:00 price=Rp 1,931,109.00 equity=Rp 994,404.41
2026-08-27T19:19:47+00:00 price=Rp 1,931,109.00 equity=Rp 994,404.41
2026-08-27T19:20:47+00:00 price=Rp 1,931,109.00 equity=Rp 994,404.41
2026-08-27T19:21:47+00:00 price=Rp 1,929,969.00 equity=Rp 994,286.06
2026-08-27T19:22:47+00:00 price=Rp 1,929,969.00 equity=Rp 994,286.06
2026-08-27T19:23:47+00:00 price=Rp 1,929,830.00 equity=Rp 994,271.63
2026-08-27T19:24:47+00:00 price=Rp 1,929,830.00 equity=Rp 994,271.63
2026-08-27T19:25:47+00:00 price=Rp 1,928,529.00 equity=Rp 994,136.56
2026-08-27T19:26:47+00:00 price=Rp 1,928,529.00 equity=Rp 994,136.56
2026-08-27T19:27:47+00:00 price=Rp 1,926,103.00 equity=Rp 993,884.69
2026-08-27T19:28:47+00:00 price=Rp 1,929,907.00 equity=Rp 994,279.62
2026-08-27T19:29:47+00:00 price=Rp 1,926,802.00 equity=Rp 993,957.26
2026-08-27T19:30:47+00:00 price=Rp 1,926,802.00 equity=Rp 993,957.26
2026-08-27T19:31:47+00:00 price=Rp 1,930,996.00 equity=Rp 994,392.68
2026-08-27T19:32:47+00:00 price=Rp 1,928,002.00 equity=Rp 994,081.85
2026-08-27T19:33:47+00:00 price=Rp 1,929,920.00 equity=Rp 994,280.97
2026-08-27T19:34:47+00:00 price=Rp 1,926,806.00 equity=Rp 993,957.68
2026-08-27T19:35:47+00:00 price=Rp 1,926,806.00 equity=Rp 993,957.68
2026-08-27T19:36:47+00:00 price=Rp 1,926,806.00 equity=Rp 993,957.68
2026-08-27T19:37:48+00:00 price=Rp 1,928,611.00 equity=Rp 994,145.07
2026-08-27T19:38:48+00:00 SELL executed (sma_crossover): {'time': '2026-08-27T19:38:48+00:00', 'mode': 'paper', 'side': 'sell', 'reason': 'sma_crossover', 'price': 1928611.0, 'amount': 0.10381922088140313, 'asset_after': 0.0, 'cash_after': 993544.3927346867}
2026-08-27T19:38:48+00:00 price=Rp 1,928,611.00 equity=Rp 993,544.39
2026-08-27T19:39:48+00:00 price=Rp 1,928,611.00 equity=Rp 993,544.39
2026-08-27T19:40:48+00:00 price=Rp 1,928,610.00 equity=Rp 993,544.39
2026-08-27T19:41:48+00:00 price=Rp 1,928,611.00 equity=Rp 993,544.39
2026-08-27T19:42:48+00:00 price=Rp 1,928,544.00 equity=Rp 993,544.39
2026-08-27T19:43:48+00:00 price=Rp 1,928,611.00 equity=Rp 993,544.39
2026-08-27T19:44:48+00:00 price=Rp 1,928,611.00 equity=Rp 993,544.39
2026-08-27T19:45:48+00:00 price=Rp 1,933,611.00 equity=Rp 993,544.39
2026-08-27T19:46:48+00:00 BUY executed (sma_crossover): {'time': '2026-08-27T19:46:48+00:00', 'mode': 'paper', 'side': 'buy', 'reason': 'sma_crossover', 'price': 1933611.0, 'amount': 198708.87854693737, 'asset_after': 0.1024573980553982, 'cash_after': 794835.5141877494}
2026-08-27T19:46:48+00:00 price=Rp 1,933,611.00 equity=Rp 992,948.27
2026-08-27T19:47:48+00:00 price=Rp 1,933,611.00 equity=Rp 992,948.27
2026-08-27T19:48:48+00:00 price=Rp 1,937,000.00 equity=Rp 993,295.49
2026-08-27T19:49:48+00:00 price=Rp 1,933,312.00 equity=Rp 992,917.63
2026-08-27T19:50:48+00:00 price=Rp 1,933,312.00 equity=Rp 992,917.63
2026-08-27T19:51:48+00:00 price=Rp 1,928,484.00 equity=Rp 992,422.97
2026-08-27T19:52:48+00:00 price=Rp 1,935,311.00 equity=Rp 993,122.44
2026-08-27T19:53:48+00:00 price=Rp 1,932,000.00 equity=Rp 992,783.21
2026-08-27T19:54:48+00:00 price=Rp 1,939,905.00 equity=Rp 993,593.13
2026-08-27T19:55:48+00:00 price=Rp 1,939,905.00 equity=Rp 993,593.13
2026-08-27T19:56:48+00:00 price=Rp 1,932,508.00 equity=Rp 992,835.26
2026-08-27T19:57:48+00:00 price=Rp 1,928,876.00 equity=Rp 992,463.13
2026-08-27T19:58:48+00:00 price=Rp 1,928,876.00 equity=Rp 992,463.13
2026-08-27T19:59:48+00:00 price=Rp 1,928,876.00 equity=Rp 992,463.13
2026-08-27T20:00:48+00:00 price=Rp 1,928,505.00 equity=Rp 992,425.12
2026-08-27T20:01:48+00:00 price=Rp 1,927,006.00 equity=Rp 992,271.53
2026-08-27T20:02:48+00:00 price=Rp 1,927,368.00 equity=Rp 992,308.62
2026-08-27T20:03:48+00:00 price=Rp 1,927,368.00 equity=Rp 992,308.62
2026-08-27T20:04:48+00:00 SELL executed (sma_crossover): {'time': '2026-08-27T20:04:48+00:00', 'mode': 'paper', 'side': 'sell', 'reason': 'sma_crossover', 'price': 1927418.0, 'amount': 0.1024573980553982, 'asset_after': 0.0, 'cash_after': 991721.3127331535}
2026-08-27T20:04:48+00:00 price=Rp 1,927,418.00 equity=Rp 991,721.31
2026-08-27T20:05:48+00:00 price=Rp 1,927,695.00 equity=Rp 991,721.31
2026-08-27T20:06:49+00:00 price=Rp 1,927,695.00 equity=Rp 991,721.31
2026-08-27T20:07:49+00:00 price=Rp 1,927,910.00 equity=Rp 991,721.31
2026-08-27T20:08:49+00:00 price=Rp 1,926,101.00 equity=Rp 991,721.31
2026-08-27T20:09:49+00:00 price=Rp 1,926,103.00 equity=Rp 991,721.31
2026-08-27T20:10:49+00:00 price=Rp 1,926,103.00 equity=Rp 991,721.31
2026-08-27T20:11:49+00:00 price=Rp 1,926,103.00 equity=Rp 991,721.31
2026-08-27T20:12:49+00:00 price=Rp 1,926,103.00 equity=Rp 991,721.31
2026-08-27T20:13:49+00:00 price=Rp 1,926,103.00 equity=Rp 991,721.31
2026-08-27T20:14:49+00:00 price=Rp 1,926,102.00 equity=Rp 991,721.31
2026-08-27T20:15:49+00:00 price=Rp 1,926,102.00 equity=Rp 991,721.31
2026-08-27T20:16:49+00:00 price=Rp 1,926,102.00 equity=Rp 991,721.31
2026-08-27T20:17:49+00:00 price=Rp 1,926,102.00 equity=Rp 991,721.31
2026-08-27T20:18:49+00:00 price=Rp 1,926,102.00 equity=Rp 991,721.31
2026-08-27T20:19:49+00:00 price=Rp 1,933,210.00 equity=Rp 991,721.31
2026-08-27T20:20:49+00:00 price=Rp 1,934,410.00 equity=Rp 991,721.31
2026-08-27T20:21:49+00:00 price=Rp 1,935,776.00 equity=Rp 991,721.31
2026-08-27T20:22:49+00:00 BUY executed (sma_crossover): {'time': '2026-08-27T20:22:49+00:00', 'mode': 'paper', 'side': 'buy', 'reason': 'sma_crossover', 'price': 1937610.0, 'amount': 198344.2625466307, 'asset_after': 0.1020583243062282, 'cash_after': 793377.0501865228}
2026-08-27T20:22:49+00:00 price=Rp 1,937,610.00 equity=Rp 991,126.28
2026-08-27T20:23:49+00:00 price=Rp 1,934,104.00 equity=Rp 990,768.46
2026-08-27T20:24:49+00:00 price=Rp 1,936,635.00 equity=Rp 991,026.77
2026-08-27T20:25:50+00:00 price=Rp 1,932,765.00 equity=Rp 990,631.81
2026-08-27T20:26:50+00:00 price=Rp 1,934,560.00 equity=Rp 990,815.00
2026-08-27T20:27:50+00:00 price=Rp 1,930,427.00 equity=Rp 990,393.20
2026-08-27T20:28:50+00:00 price=Rp 1,929,451.00 equity=Rp 990,293.59
2026-08-27T20:29:50+00:00 price=Rp 1,929,149.00 equity=Rp 990,262.76
2026-08-27T20:30:50+00:00 price=Rp 1,923,386.00 equity=Rp 989,674.60
2026-08-27T20:31:50+00:00 price=Rp 1,923,386.00 equity=Rp 989,674.60
2026-08-27T20:32:50+00:00 price=Rp 1,930,502.00 equity=Rp 990,400.85
2026-08-27T20:33:50+00:00 price=Rp 1,927,105.00 equity=Rp 990,054.16
2026-08-27T20:34:50+00:00 price=Rp 1,931,359.00 equity=Rp 990,488.31
2026-08-27T20:35:50+00:00 SELL executed (sma_crossover): {'time': '2026-08-27T20:35:50+00:00', 'mode': 'paper', 'side': 'sell', 'reason': 'sma_crossover', 'price': 1931359.0, 'amount': 0.1020583243062282, 'asset_after': 0.0, 'cash_after': 989896.9795707541}
2026-08-27T20:35:50+00:00 price=Rp 1,931,359.00 equity=Rp 989,896.98
2026-08-27T20:36:50+00:00 price=Rp 1,928,513.00 equity=Rp 989,896.98
2026-08-27T20:37:50+00:00 price=Rp 1,927,553.00 equity=Rp 989,896.98
2026-08-27T20:38:50+00:00 price=Rp 1,928,730.00 equity=Rp 989,896.98
2026-08-27T20:39:50+00:00 price=Rp 1,928,730.00 equity=Rp 989,896.98
2026-08-27T20:40:50+00:00 price=Rp 1,926,742.00 equity=Rp 989,896.98
2026-08-27T20:41:50+00:00 price=Rp 1,926,740.00 equity=Rp 989,896.98
2026-08-27T20:42:50+00:00 price=Rp 1,925,930.00 equity=Rp 989,896.98
2026-08-27T20:43:50+00:00 price=Rp 1,926,740.00 equity=Rp 989,896.98
2026-08-27T20:44:51+00:00 price=Rp 1,926,739.00 equity=Rp 989,896.98
2026-08-27T20:45:51+00:00 price=Rp 1,926,740.00 equity=Rp 989,896.98
2026-08-27T20:46:51+00:00 price=Rp 1,926,740.00 equity=Rp 989,896.98
2026-08-27T20:47:51+00:00 price=Rp 1,926,740.00 equity=Rp 989,896.98
2026-08-27T20:48:51+00:00 price=Rp 1,929,740.00 equity=Rp 989,896.98
2026-08-27T20:49:51+00:00 price=Rp 1,928,811.00 equity=Rp 989,896.98
2026-08-27T20:50:51+00:00 price=Rp 1,928,811.00 equity=Rp 989,896.98
2026-08-27T20:51:51+00:00 price=Rp 1,928,811.00 equity=Rp 989,896.98
2026-08-27T20:52:51+00:00 price=Rp 1,928,811.00 equity=Rp 989,896.98
2026-08-27T20:53:51+00:00 price=Rp 1,926,496.00 equity=Rp 989,896.98
2026-08-27T20:54:51+00:00 price=Rp 1,921,208.00 equity=Rp 989,896.98
2026-08-27T20:55:51+00:00 price=Rp 1,928,809.00 equity=Rp 989,896.98
2026-08-27T20:56:51+00:00 price=Rp 1,920,004.00 equity=Rp 989,896.98
2026-08-27T20:57:51+00:00 price=Rp 1,923,043.00 equity=Rp 989,896.98
2026-08-27T20:58:51+00:00 price=Rp 1,924,464.00 equity=Rp 989,896.98
2026-08-27T20:59:51+00:00 price=Rp 1,928,066.00 equity=Rp 989,896.98
2026-08-27T21:00:51+00:00 price=Rp 1,928,123.00 equity=Rp 989,896.98
2026-08-27T21:01:51+00:00 price=Rp 1,928,123.00 equity=Rp 989,896.98
2026-08-27T21:02:51+00:00 price=Rp 1,928,123.00 equity=Rp 989,896.98
2026-08-27T21:03:51+00:00 price=Rp 1,927,863.00 equity=Rp 989,896.98
2026-08-27T21:04:51+00:00 price=Rp 1,928,215.00 equity=Rp 989,896.98
2026-08-27T21:05:51+00:00 price=Rp 1,929,008.00 equity=Rp 989,896.98
2026-08-27T21:06:52+00:00 BUY executed (sma_crossover): {'time': '2026-08-27T21:06:52+00:00', 'mode': 'paper', 'side': 'buy', 'reason': 'sma_crossover', 'price': 1929008.0, 'amount': 197979.39591415084, 'asset_after': 0.10232485180279624, 'cash_after': 791917.5836566032}
2026-08-27T21:06:52+00:00 price=Rp 1,929,008.00 equity=Rp 989,303.04
2026-08-27T21:07:52+00:00 price=Rp 1,928,584.00 equity=Rp 989,259.66
2026-08-27T21:08:52+00:00 price=Rp 1,928,584.00 equity=Rp 989,259.66
2026-08-27T21:09:52+00:00 price=Rp 1,929,888.00 equity=Rp 989,393.09
2026-08-27T21:10:52+00:00 price=Rp 1,930,304.00 equity=Rp 989,435.65
2026-08-27T21:11:52+00:00 price=Rp 1,930,553.00 equity=Rp 989,461.13
2026-08-27T21:12:52+00:00 price=Rp 1,930,553.00 equity=Rp 989,461.13
2026-08-27T21:13:52+00:00 price=Rp 1,927,103.00 equity=Rp 989,108.11
2026-08-27T21:14:52+00:00 price=Rp 1,924,696.00 equity=Rp 988,861.82
2026-08-27T21:15:52+00:00 price=Rp 1,922,887.00 equity=Rp 988,676.71
2026-08-27T21:16:52+00:00 price=Rp 1,922,889.00 equity=Rp 988,676.92
2026-08-27T21:17:52+00:00 SELL executed (sma_crossover): {'time': '2026-08-27T21:17:52+00:00', 'mode': 'paper', 'side': 'sell', 'reason': 'sma_crossover', 'price': 1921299.0, 'amount': 0.10232485180279624, 'asset_after': 0.0, 'cash_after': 987924.4291941323}
2026-08-27T21:17:52+00:00 price=Rp 1,921,299.00 equity=Rp 987,924.43
2026-08-27T21:18:52+00:00 price=Rp 1,921,299.00 equity=Rp 987,924.43
2026-08-27T21:19:52+00:00 price=Rp 1,922,222.00 equity=Rp 987,924.43
2026-08-27T21:20:52+00:00 price=Rp 1,922,222.00 equity=Rp 987,924.43
2026-08-27T21:21:52+00:00 price=Rp 1,920,000.00 equity=Rp 987,924.43
2026-08-27T21:22:52+00:00 price=Rp 1,922,222.00 equity=Rp 987,924.43
2026-08-27T21:23:52+00:00 price=Rp 1,922,221.00 equity=Rp 987,924.43
2026-08-27T21:24:52+00:00 price=Rp 1,922,222.00 equity=Rp 987,924.43
2026-08-27T21:25:52+00:00 price=Rp 1,920,319.00 equity=Rp 987,924.43
2026-08-27T21:26:52+00:00 price=Rp 1,920,319.00 equity=Rp 987,924.43
2026-08-27T21:27:52+00:00 price=Rp 1,922,123.00 equity=Rp 987,924.43
2026-08-27T21:28:52+00:00 price=Rp 1,922,123.00 equity=Rp 987,924.43
2026-08-27T21:29:52+00:00 price=Rp 1,922,123.00 equity=Rp 987,924.43
2026-08-27T21:30:52+00:00 price=Rp 1,920,000.00 equity=Rp 987,924.43
2026-08-27T21:31:52+00:00 price=Rp 1,920,068.00 equity=Rp 987,924.43
2026-08-27T21:32:52+00:00 price=Rp 1,920,067.00 equity=Rp 987,924.43
2026-08-27T21:33:52+00:00 price=Rp 1,920,002.00 equity=Rp 987,924.43
2026-08-27T21:34:53+00:00 price=Rp 1,920,002.00 equity=Rp 987,924.43
2026-08-27T21:35:53+00:00 price=Rp 1,920,000.00 equity=Rp 987,924.43
2026-08-27T21:36:53+00:00 price=Rp 1,920,000.00 equity=Rp 987,924.43
2026-08-27T21:37:53+00:00 price=Rp 1,915,827.00 equity=Rp 987,924.43
2026-08-27T21:38:53+00:00 price=Rp 1,915,827.00 equity=Rp 987,924.43
2026-08-27T21:39:53+00:00 price=Rp 1,915,827.00 equity=Rp 987,924.43
2026-08-27T21:40:53+00:00 price=Rp 1,918,935.00 equity=Rp 987,924.43
2026-08-27T21:41:53+00:00 price=Rp 1,918,643.00 equity=Rp 987,924.43
2026-08-27T21:42:53+00:00 price=Rp 1,915,003.00 equity=Rp 987,924.43
2026-08-27T21:43:53+00:00 price=Rp 1,917,290.00 equity=Rp 987,924.43
2026-08-27T21:44:53+00:00 price=Rp 1,915,000.00 equity=Rp 987,924.43
2026-08-27T21:45:53+00:00 price=Rp 1,915,003.00 equity=Rp 987,924.43
2026-08-27T21:46:53+00:00 price=Rp 1,918,417.00 equity=Rp 987,924.43
2026-08-27T21:47:53+00:00 price=Rp 1,918,936.00 equity=Rp 987,924.43
2026-08-27T21:48:53+00:00 price=Rp 1,917,290.00 equity=Rp 987,924.43
2026-08-27T21:49:53+00:00 price=Rp 1,918,936.00 equity=Rp 987,924.43
2026-08-27T21:50:53+00:00 price=Rp 1,918,936.00 equity=Rp 987,924.43
2026-08-27T21:51:53+00:00 price=Rp 1,917,296.00 equity=Rp 987,924.43
2026-08-27T21:52:53+00:00 price=Rp 1,917,296.00 equity=Rp 987,924.43
2026-08-27T21:53:53+00:00 price=Rp 1,917,296.00 equity=Rp 987,924.43
2026-08-27T21:54:53+00:00 price=Rp 1,917,296.00 equity=Rp 987,924.43
2026-08-27T21:55:53+00:00 price=Rp 1,922,221.00 equity=Rp 987,924.43
2026-08-27T21:56:53+00:00 BUY executed (sma_crossover): {'time': '2026-08-27T21:56:53+00:00', 'mode': 'paper', 'side': 'buy', 'reason': 'sma_crossover', 'price': 1922221.0, 'amount': 197584.88583882648, 'asset_after': 0.10248152068950968, 'cash_after': 790339.5433553059}
2026-08-27T21:56:53+00:00 price=Rp 1,922,221.00 equity=Rp 987,331.67
2026-08-27T21:57:53+00:00 price=Rp 1,921,115.00 equity=Rp 987,218.33
2026-08-27T21:58:53+00:00 price=Rp 1,925,000.00 equity=Rp 987,616.47
2026-08-27T21:59:53+00:00 price=Rp 1,924,999.00 equity=Rp 987,616.37
2026-08-27T22:00:53+00:00 price=Rp 1,925,000.00 equity=Rp 987,616.47
2026-08-27T22:01:53+00:00 price=Rp 1,929,886.00 equity=Rp 988,117.20
2026-08-27T22:02:53+00:00 price=Rp 1,936,042.00 equity=Rp 988,748.07
2026-08-27T22:03:53+00:00 price=Rp 1,936,041.00 equity=Rp 988,747.97
2026-08-27T22:04:53+00:00 price=Rp 1,938,123.00 equity=Rp 988,961.34
2026-08-27T22:05:53+00:00 price=Rp 1,937,444.00 equity=Rp 988,891.75
2026-08-27T22:06:53+00:00 price=Rp 1,941,000.00 equity=Rp 989,256.18
2026-08-27T22:07:53+00:00 price=Rp 1,941,302.00 equity=Rp 989,287.12
2026-08-27T22:08:53+00:00 price=Rp 1,937,208.00 equity=Rp 988,867.57
2026-08-27T22:09:53+00:00 price=Rp 1,937,934.00 equity=Rp 988,941.97
2026-08-27T22:10:53+00:00 price=Rp 1,940,125.00 equity=Rp 989,166.50
2026-08-27T22:11:54+00:00 price=Rp 1,936,255.00 equity=Rp 988,769.90
2026-08-27T22:12:54+00:00 price=Rp 1,938,490.00 equity=Rp 988,998.95
2026-08-27T22:13:54+00:00 price=Rp 1,936,254.00 equity=Rp 988,769.80
2026-08-27T22:14:54+00:00 price=Rp 1,940,039.00 equity=Rp 989,157.69
2026-08-27T22:15:54+00:00 price=Rp 1,941,251.00 equity=Rp 989,281.90
2026-08-27T22:16:54+00:00 price=Rp 1,941,302.00 equity=Rp 989,287.12
2026-08-27T22:17:54+00:00 price=Rp 1,940,969.00 equity=Rp 989,253.00
2026-08-27T22:18:54+00:00 price=Rp 1,949,049.00 equity=Rp 990,081.05
2026-08-27T22:19:54+00:00 price=Rp 1,950,000.00 equity=Rp 990,178.51
2026-08-27T22:20:54+00:00 price=Rp 1,945,797.00 equity=Rp 989,747.78
2026-08-27T22:21:54+00:00 price=Rp 1,937,545.00 equity=Rp 988,902.10
2026-08-27T22:22:54+00:00 price=Rp 1,937,545.00 equity=Rp 988,902.10
2026-08-27T22:23:54+00:00 price=Rp 1,936,978.00 equity=Rp 988,843.99
2026-08-27T22:24:54+00:00 price=Rp 1,930,959.00 equity=Rp 988,227.16
2026-08-27T22:25:54+00:00 price=Rp 1,930,959.00 equity=Rp 988,227.16
2026-08-27T22:26:54+00:00 price=Rp 1,931,934.00 equity=Rp 988,327.08
2026-08-27T22:27:54+00:00 price=Rp 1,933,767.00 equity=Rp 988,514.93
2026-08-27T22:28:54+00:00 SELL executed (sma_crossover): {'time': '2026-08-27T22:28:54+00:00', 'mode': 'paper', 'side': 'sell', 'reason': 'sma_crossover', 'price': 1932139.0, 'amount': 0.10248152068950968, 'asset_after': 0.0, 'cash_after': 987754.0606301039}
2026-08-27T22:28:54+00:00 price=Rp 1,932,139.00 equity=Rp 987,754.06
2026-08-27T22:29:54+00:00 price=Rp 1,932,140.00 equity=Rp 987,754.06
2026-08-27T22:30:54+00:00 price=Rp 1,934,425.00 equity=Rp 987,754.06
2026-08-27T22:31:54+00:00 price=Rp 1,932,141.00 equity=Rp 987,754.06
2026-08-27T22:32:55+00:00 price=Rp 1,932,141.00 equity=Rp 987,754.06
2026-08-27T22:33:55+00:00 price=Rp 1,937,672.00 equity=Rp 987,754.06
2026-08-27T22:34:55+00:00 price=Rp 1,934,868.00 equity=Rp 987,754.06
2026-08-27T22:35:55+00:00 price=Rp 1,934,000.00 equity=Rp 987,754.06
2026-08-27T22:36:55+00:00 price=Rp 1,934,000.00 equity=Rp 987,754.06
2026-08-27T22:37:55+00:00 price=Rp 1,934,000.00 equity=Rp 987,754.06
2026-08-27T22:38:55+00:00 price=Rp 1,932,975.00 equity=Rp 987,754.06
2026-08-27T22:39:55+00:00 price=Rp 1,932,975.00 equity=Rp 987,754.06
2026-08-27T22:40:55+00:00 price=Rp 1,934,000.00 equity=Rp 987,754.06
2026-08-27T22:41:55+00:00 price=Rp 1,933,544.00 equity=Rp 987,754.06
2026-08-27T22:42:55+00:00 price=Rp 1,933,544.00 equity=Rp 987,754.06
2026-08-27T22:43:55+00:00 price=Rp 1,932,980.00 equity=Rp 987,754.06
2026-08-27T22:44:55+00:00 price=Rp 1,933,544.00 equity=Rp 987,754.06
2026-08-27T22:45:55+00:00 price=Rp 1,933,330.00 equity=Rp 987,754.06
2026-08-27T22:46:55+00:00 price=Rp 1,932,974.00 equity=Rp 987,754.06
2026-08-27T22:47:55+00:00 price=Rp 1,932,974.00 equity=Rp 987,754.06
2026-08-27T22:48:55+00:00 price=Rp 1,932,974.00 equity=Rp 987,754.06
2026-08-27T22:49:55+00:00 price=Rp 1,933,327.00 equity=Rp 987,754.06
2026-08-27T22:50:55+00:00 price=Rp 1,933,327.00 equity=Rp 987,754.06
2026-08-27T22:51:55+00:00 price=Rp 1,930,000.00 equity=Rp 987,754.06
2026-08-27T22:52:55+00:00 price=Rp 1,932,368.00 equity=Rp 987,754.06
2026-08-27T22:53:55+00:00 price=Rp 1,932,368.00 equity=Rp 987,754.06
2026-08-27T22:54:56+00:00 price=Rp 1,930,394.00 equity=Rp 987,754.06
2026-08-27T22:55:56+00:00 price=Rp 1,928,893.00 equity=Rp 987,754.06
2026-08-27T22:56:56+00:00 price=Rp 1,932,368.00 equity=Rp 987,754.06
2026-08-27T22:57:56+00:00 price=Rp 1,930,000.00 equity=Rp 987,754.06
2026-08-27T22:58:57+00:00 price=Rp 1,928,896.00 equity=Rp 987,754.06
2026-08-27T22:59:57+00:00 price=Rp 1,930,000.00 equity=Rp 987,754.06
2026-08-27T23:00:57+00:00 price=Rp 1,930,000.00 equity=Rp 987,754.06
2026-08-27T23:01:57+00:00 price=Rp 1,928,898.00 equity=Rp 987,754.06
2026-08-27T23:02:57+00:00 price=Rp 1,930,000.00 equity=Rp 987,754.06
2026-08-27T23:03:57+00:00 price=Rp 1,930,000.00 equity=Rp 987,754.06
2026-08-27T23:04:57+00:00 price=Rp 1,930,000.00 equity=Rp 987,754.06
2026-08-27T23:05:57+00:00 price=Rp 1,928,895.00 equity=Rp 987,754.06
2026-08-27T23:06:57+00:00 price=Rp 1,928,895.00 equity=Rp 987,754.06
2026-08-27T23:07:57+00:00 price=Rp 1,928,898.00 equity=Rp 987,754.06
2026-08-27T23:08:57+00:00 price=Rp 1,929,500.00 equity=Rp 987,754.06
2026-08-27T23:09:57+00:00 price=Rp 1,929,238.00 equity=Rp 987,754.06
2026-08-27T23:10:57+00:00 price=Rp 1,929,500.00 equity=Rp 987,754.06
2026-08-27T23:11:58+00:00 price=Rp 1,928,895.00 equity=Rp 987,754.06
2026-08-27T23:12:58+00:00 price=Rp 1,927,982.00 equity=Rp 987,754.06
2026-08-27T23:13:58+00:00 price=Rp 1,925,003.00 equity=Rp 987,754.06
2026-08-27T23:14:58+00:00 price=Rp 1,927,713.00 equity=Rp 987,754.06
2026-08-27T23:15:58+00:00 price=Rp 1,927,713.00 equity=Rp 987,754.06
2026-08-27T23:16:58+00:00 price=Rp 1,926,003.00 equity=Rp 987,754.06
2026-08-27T23:17:58+00:00 price=Rp 1,926,005.00 equity=Rp 987,754.06
2026-08-27T23:18:58+00:00 price=Rp 1,929,499.00 equity=Rp 987,754.06
2026-08-27T23:19:59+00:00 price=Rp 1,929,500.00 equity=Rp 987,754.06
2026-08-27T23:20:59+00:00 price=Rp 1,932,368.00 equity=Rp 987,754.06
2026-08-27T23:21:59+00:00 price=Rp 1,932,368.00 equity=Rp 987,754.06
2026-08-27T23:22:59+00:00 price=Rp 1,934,000.00 equity=Rp 987,754.06
2026-08-27T23:23:59+00:00 BUY executed (sma_crossover): {'time': '2026-08-27T23:23:59+00:00', 'mode': 'paper', 'side': 'buy', 'reason': 'sma_crossover', 'price': 1934999.0, 'amount': 197550.81212602078, 'asset_after': 0.10178721523351833, 'cash_after': 790203.2485040831}
2026-08-27T23:23:59+00:00 price=Rp 1,934,999.00 equity=Rp 987,161.41
2026-08-27T23:25:00+00:00 price=Rp 1,934,999.00 equity=Rp 987,161.41
2026-08-27T23:26:00+00:00 price=Rp 1,940,000.00 equity=Rp 987,670.45
2026-08-27T23:27:00+00:00 price=Rp 1,939,999.00 equity=Rp 987,670.34
2026-08-27T23:28:00+00:00 price=Rp 1,944,608.00 equity=Rp 988,139.48
2026-08-27T23:29:00+00:00 price=Rp 1,944,008.00 equity=Rp 988,078.41
2026-08-27T23:30:00+00:00 price=Rp 1,945,020.00 equity=Rp 988,181.42
2026-08-27T23:31:00+00:00 price=Rp 1,945,018.00 equity=Rp 988,181.21
2026-08-27T23:32:00+00:00 price=Rp 1,943,489.00 equity=Rp 988,025.58
2026-08-27T23:33:00+00:00 price=Rp 1,940,004.00 equity=Rp 987,670.85
2026-08-27T23:34:00+00:00 price=Rp 1,941,328.00 equity=Rp 987,805.62
2026-08-27T23:35:00+00:00 price=Rp 1,940,001.00 equity=Rp 987,670.55
2026-08-27T23:36:00+00:00 price=Rp 1,940,007.00 equity=Rp 987,671.16
2026-08-27T23:37:00+00:00 price=Rp 1,938,003.00 equity=Rp 987,467.18
2026-08-27T23:38:00+00:00 price=Rp 1,937,010.00 equity=Rp 987,366.10
2026-08-27T23:39:00+00:00 price=Rp 1,937,672.00 equity=Rp 987,433.49
2026-08-27T23:40:00+00:00 price=Rp 1,937,008.00 equity=Rp 987,365.90
2026-08-27T23:41:00+00:00 price=Rp 1,935,107.00 equity=Rp 987,172.40
2026-08-27T23:42:00+00:00 price=Rp 1,935,107.00 equity=Rp 987,172.40
2026-08-27T23:43:00+00:00 price=Rp 1,935,107.00 equity=Rp 987,172.40
2026-08-27T23:44:00+00:00 price=Rp 1,933,661.00 equity=Rp 987,025.22
2026-08-27T23:45:03+00:00 SELL executed (sma_crossover): {'time': '2026-08-27T23:45:03+00:00', 'mode': 'paper', 'side': 'sell', 'reason': 'sma_crossover', 'price': 1933870.0, 'amount': 0.10178721523351833, 'asset_after': 0.0, 'cash_after': 986455.9607019563}
2026-08-27T23:45:03+00:00 price=Rp 1,933,870.00 equity=Rp 986,455.96
2026-08-27T23:46:03+00:00 price=Rp 1,932,983.00 equity=Rp 986,455.96
2026-08-27T23:47:03+00:00 price=Rp 1,930,811.00 equity=Rp 986,455.96
2026-08-27T23:48:03+00:00 price=Rp 1,930,542.00 equity=Rp 986,455.96
2026-08-27T23:49:03+00:00 price=Rp 1,929,503.00 equity=Rp 986,455.96
2026-08-27T23:50:03+00:00 price=Rp 1,929,503.00 equity=Rp 986,455.96
2026-08-27T23:51:03+00:00 price=Rp 1,931,053.00 equity=Rp 986,455.96
2026-08-27T23:52:03+00:00 price=Rp 1,932,232.00 equity=Rp 986,455.96
2026-08-27T23:53:03+00:00 price=Rp 1,932,232.00 equity=Rp 986,455.96
2026-08-27T23:54:03+00:00 price=Rp 1,932,232.00 equity=Rp 986,455.96
2026-08-27T23:55:03+00:00 price=Rp 1,932,232.00 equity=Rp 986,455.96
2026-08-27T23:56:03+00:00 price=Rp 1,932,232.00 equity=Rp 986,455.96
2026-08-27T23:57:03+00:00 price=Rp 1,932,387.00 equity=Rp 986,455.96
2026-08-27T23:58:03+00:00 price=Rp 1,932,232.00 equity=Rp 986,455.96
2026-08-27T23:59:03+00:00 price=Rp 1,932,232.00 equity=Rp 986,455.96
2026-08-28T00:00:03+00:00 price=Rp 1,932,232.00 equity=Rp 986,455.96
2026-08-28T00:01:03+00:00 price=Rp 1,932,387.00 equity=Rp 986,455.96
2026-08-28T00:02:04+00:00 price=Rp 1,927,827.00 equity=Rp 986,455.96
2026-08-28T00:03:04+00:00 price=Rp 1,924,404.00 equity=Rp 986,455.96
2026-08-28T00:04:04+00:00 price=Rp 1,926,535.00 equity=Rp 986,455.96
2026-08-28T00:05:04+00:00 price=Rp 1,925,996.00 equity=Rp 986,455.96
2026-08-28T00:06:04+00:00 price=Rp 1,925,996.00 equity=Rp 986,455.96
2026-08-28T00:07:04+00:00 price=Rp 1,925,996.00 equity=Rp 986,455.96
2026-08-28T00:08:04+00:00 price=Rp 1,925,002.00 equity=Rp 986,455.96
2026-08-28T00:09:04+00:00 price=Rp 1,925,000.00 equity=Rp 986,455.96
2026-08-28T00:10:04+00:00 price=Rp 1,925,407.00 equity=Rp 986,455.96
2026-08-28T00:11:04+00:00 price=Rp 1,922,907.00 equity=Rp 986,455.96
2026-08-28T00:12:04+00:00 price=Rp 1,925,407.00 equity=Rp 986,455.96
2026-08-28T00:13:04+00:00 price=Rp 1,924,000.00 equity=Rp 986,455.96
2026-08-28T00:14:04+00:00 price=Rp 1,925,407.00 equity=Rp 986,455.96
2026-08-28T00:15:04+00:00 price=Rp 1,925,406.00 equity=Rp 986,455.96
2026-08-28T00:16:04+00:00 price=Rp 1,931,429.00 equity=Rp 986,455.96
2026-08-28T00:17:04+00:00 price=Rp 1,931,429.00 equity=Rp 986,455.96
2026-08-28T00:18:04+00:00 price=Rp 1,932,387.00 equity=Rp 986,455.96
2026-08-28T00:19:04+00:00 price=Rp 1,932,387.00 equity=Rp 986,455.96
2026-08-28T00:20:04+00:00 price=Rp 1,938,420.00 equity=Rp 986,455.96
2026-08-28T00:21:05+00:00 BUY executed (sma_crossover): {'time': '2026-08-28T00:21:05+00:00', 'mode': 'paper', 'side': 'buy', 'reason': 'sma_crossover', 'price': 1938420.0, 'amount': 197291.19214039127, 'asset_after': 0.1014740451315866, 'cash_after': 789164.7685615651}
2026-08-28T00:21:05+00:00 price=Rp 1,938,420.00 equity=Rp 985,864.09
2026-08-28T00:22:05+00:00 price=Rp 1,938,531.00 equity=Rp 985,875.35
2026-08-28T00:23:05+00:00 price=Rp 1,938,679.00 equity=Rp 985,890.37
2026-08-28T00:24:05+00:00 price=Rp 1,936,752.00 equity=Rp 985,694.83
2026-08-28T00:25:05+00:00 price=Rp 1,935,383.00 equity=Rp 985,555.91
2026-08-28T00:26:05+00:00 price=Rp 1,935,383.00 equity=Rp 985,555.91
2026-08-28T00:27:05+00:00 price=Rp 1,938,679.00 equity=Rp 985,890.37
2026-08-28T00:28:05+00:00 price=Rp 1,938,678.00 equity=Rp 985,890.27
2026-08-28T00:29:05+00:00 price=Rp 1,938,679.00 equity=Rp 985,890.37
2026-08-28T00:30:05+00:00 price=Rp 1,938,240.00 equity=Rp 985,845.82
2026-08-28T00:31:05+00:00 price=Rp 1,937,429.00 equity=Rp 985,763.53
2026-08-28T00:32:05+00:00 price=Rp 1,938,679.00 equity=Rp 985,890.37
2026-08-28T00:33:05+00:00 price=Rp 1,946,998.00 equity=Rp 986,734.53
2026-08-28T00:34:05+00:00 price=Rp 1,945,187.00 equity=Rp 986,550.76
2026-08-28T00:35:05+00:00 price=Rp 1,936,579.00 equity=Rp 985,677.27
2026-08-28T00:36:05+00:00 price=Rp 1,936,581.00 equity=Rp 985,677.48
2026-08-28T00:37:06+00:00 price=Rp 1,938,082.00 equity=Rp 985,829.79
2026-08-28T00:38:06+00:00 price=Rp 1,936,378.00 equity=Rp 985,656.88
2026-08-28T00:39:06+00:00 price=Rp 1,937,656.00 equity=Rp 985,786.56
2026-08-28T00:40:06+00:00 price=Rp 1,940,485.00 equity=Rp 986,073.63
2026-08-28T00:41:06+00:00 price=Rp 1,940,485.00 equity=Rp 986,073.63
2026-08-28T00:42:06+00:00 price=Rp 1,939,999.00 equity=Rp 986,024.31
2026-08-28T00:43:06+00:00 price=Rp 1,939,999.00 equity=Rp 986,024.31
2026-08-28T00:44:06+00:00 price=Rp 1,935,917.00 equity=Rp 985,610.10
2026-08-28T00:45:06+00:00 price=Rp 1,938,940.00 equity=Rp 985,916.85
2026-08-28T00:46:06+00:00 price=Rp 1,933,984.00 equity=Rp 985,413.95
2026-08-28T00:47:06+00:00 SELL executed (sma_crossover): {'time': '2026-08-28T00:47:06+00:00', 'mode': 'paper', 'side': 'sell', 'reason': 'sma_crossover', 'price': 1933985.0, 'amount': 0.1014740451315866, 'asset_after': 0.0, 'cash_after': 984825.3018918552}
2026-08-28T00:47:06+00:00 price=Rp 1,933,985.00 equity=Rp 984,825.30
2026-08-28T00:48:06+00:00 price=Rp 1,934,778.00 equity=Rp 984,825.30
2026-08-28T00:49:06+00:00 price=Rp 1,933,983.00 equity=Rp 984,825.30
2026-08-28T00:50:08+00:00 price=Rp 1,935,719.00 equity=Rp 984,825.30
2026-08-28T00:51:08+00:00 price=Rp 1,936,371.00 equity=Rp 984,825.30
2026-08-28T00:52:08+00:00 price=Rp 1,933,985.00 equity=Rp 984,825.30
2026-08-28T00:53:08+00:00 price=Rp 1,933,983.00 equity=Rp 984,825.30
2026-08-28T00:54:08+00:00 price=Rp 1,934,529.00 equity=Rp 984,825.30
2026-08-28T00:55:09+00:00 price=Rp 1,933,983.00 equity=Rp 984,825.30
2026-08-28T00:56:09+00:00 price=Rp 1,933,983.00 equity=Rp 984,825.30
2026-08-28T00:57:09+00:00 price=Rp 1,934,141.00 equity=Rp 984,825.30
2026-08-28T00:58:09+00:00 price=Rp 1,933,986.00 equity=Rp 984,825.30
2026-08-28T00:59:09+00:00 price=Rp 1,932,196.00 equity=Rp 984,825.30
2026-08-28T01:00:09+00:00 price=Rp 1,932,346.00 equity=Rp 984,825.30
2026-08-28T01:01:09+00:00 price=Rp 1,929,310.00 equity=Rp 984,825.30
2026-08-28T01:02:09+00:00 price=Rp 1,931,556.00 equity=Rp 984,825.30
2026-08-28T01:03:09+00:00 price=Rp 1,928,225.00 equity=Rp 984,825.30
2026-08-28T01:04:09+00:00 price=Rp 1,928,225.00 equity=Rp 984,825.30
2026-08-28T01:05:09+00:00 price=Rp 1,932,500.00 equity=Rp 984,825.30
2026-08-28T01:06:09+00:00 price=Rp 1,930,434.00 equity=Rp 984,825.30
2026-08-28T01:07:09+00:00 price=Rp 1,930,044.00 equity=Rp 984,825.30
2026-08-28T01:08:09+00:00 price=Rp 1,929,611.00 equity=Rp 984,825.30
2026-08-28T01:09:10+00:00 price=Rp 1,929,612.00 equity=Rp 984,825.30
2026-08-28T01:10:10+00:00 price=Rp 1,929,612.00 equity=Rp 984,825.30
2026-08-28T01:11:10+00:00 price=Rp 1,929,612.00 equity=Rp 984,825.30
2026-08-28T01:12:10+00:00 price=Rp 1,930,000.00 equity=Rp 984,825.30
2026-08-28T01:13:10+00:00 price=Rp 1,930,621.00 equity=Rp 984,825.30
2026-08-28T01:14:10+00:00 price=Rp 1,930,263.00 equity=Rp 984,825.30
2026-08-28T01:15:10+00:00 price=Rp 1,929,611.00 equity=Rp 984,825.30
2026-08-28T01:16:10+00:00 price=Rp 1,929,906.00 equity=Rp 984,825.30
2026-08-28T01:17:10+00:00 price=Rp 1,929,922.00 equity=Rp 984,825.30
2026-08-28T01:18:11+00:00 price=Rp 1,928,224.00 equity=Rp 984,825.30
2026-08-28T01:19:11+00:00 price=Rp 1,932,000.00 equity=Rp 984,825.30
2026-08-28T01:20:11+00:00 price=Rp 1,933,187.00 equity=Rp 984,825.30
2026-08-28T01:21:11+00:00 price=Rp 1,934,527.00 equity=Rp 984,825.30
2026-08-28T01:22:11+00:00 price=Rp 1,934,526.00 equity=Rp 984,825.30
2026-08-28T01:23:11+00:00 BUY executed (sma_crossover): {'time': '2026-08-28T01:23:11+00:00', 'mode': 'paper', 'side': 'buy', 'reason': 'sma_crossover', 'price': 1934526.0, 'amount': 196965.06037837104, 'asset_after': 0.10151022276114972, 'cash_after': 787860.2415134842}
2026-08-28T01:23:11+00:00 price=Rp 1,934,526.00 equity=Rp 984,234.41
2026-08-28T01:24:11+00:00 price=Rp 1,933,788.00 equity=Rp 984,159.49
2026-08-28T01:25:12+00:00 price=Rp 1,934,527.00 equity=Rp 984,234.51
2026-08-28T01:26:12+00:00 price=Rp 1,933,632.00 equity=Rp 984,143.66
2026-08-28T01:27:12+00:00 price=Rp 1,934,527.00 equity=Rp 984,234.51
2026-08-28T01:28:12+00:00 price=Rp 1,934,526.00 equity=Rp 984,234.41
2026-08-28T01:29:12+00:00 price=Rp 1,934,527.00 equity=Rp 984,234.51
2026-08-28T01:30:12+00:00 price=Rp 1,934,529.00 equity=Rp 984,234.71
2026-08-28T01:31:12+00:00 price=Rp 1,934,244.00 equity=Rp 984,205.78
2026-08-28T01:32:12+00:00 price=Rp 1,934,527.00 equity=Rp 984,234.51
2026-08-28T01:33:12+00:00 price=Rp 1,934,228.00 equity=Rp 984,204.16
2026-08-28T01:34:12+00:00 price=Rp 1,934,529.00 equity=Rp 984,234.71
2026-08-28T01:35:12+00:00 price=Rp 1,931,702.00 equity=Rp 983,947.74
2026-08-28T01:36:12+00:00 price=Rp 1,931,701.00 equity=Rp 983,947.64
2026-08-28T01:37:12+00:00 price=Rp 1,928,946.00 equity=Rp 983,667.98
2026-08-28T01:38:12+00:00 price=Rp 1,929,297.00 equity=Rp 983,703.61
2026-08-28T01:39:12+00:00 SELL executed (sma_crossover): {'time': '2026-08-28T01:39:12+00:00', 'mode': 'paper', 'side': 'sell', 'reason': 'sma_crossover', 'price': 1920490.0, 'amount': 0.10151022276114972, 'asset_after': 0.0, 'cash_after': 982224.7611209129}
2026-08-28T01:39:12+00:00 price=Rp 1,920,490.00 equity=Rp 982,224.76
2026-08-28T01:40:12+00:00 price=Rp 1,921,378.00 equity=Rp 982,224.76
2026-08-28T01:41:12+00:00 price=Rp 1,922,000.00 equity=Rp 982,224.76
2026-08-28T01:42:13+00:00 price=Rp 1,922,000.00 equity=Rp 982,224.76
2026-08-28T01:43:13+00:00 price=Rp 1,921,378.00 equity=Rp 982,224.76
2026-08-28T01:44:13+00:00 price=Rp 1,920,000.00 equity=Rp 982,224.76
2026-08-28T01:45:13+00:00 price=Rp 1,917,952.00 equity=Rp 982,224.76
2026-08-28T01:46:13+00:00 price=Rp 1,916,957.00 equity=Rp 982,224.76
2026-08-28T01:47:13+00:00 price=Rp 1,916,339.00 equity=Rp 982,224.76
2026-08-28T01:48:13+00:00 price=Rp 1,916,338.00 equity=Rp 982,224.76
2026-08-28T01:49:13+00:00 price=Rp 1,918,905.00 equity=Rp 982,224.76
2026-08-28T01:50:13+00:00 price=Rp 1,918,905.00 equity=Rp 982,224.76
2026-08-28T01:51:14+00:00 price=Rp 1,916,334.00 equity=Rp 982,224.76
2026-08-28T01:52:14+00:00 price=Rp 1,914,996.00 equity=Rp 982,224.76
2026-08-28T01:53:14+00:00 price=Rp 1,918,905.00 equity=Rp 982,224.76
2026-08-28T01:54:14+00:00 price=Rp 1,918,136.00 equity=Rp 982,224.76
2026-08-28T01:55:14+00:00 price=Rp 1,915,921.00 equity=Rp 982,224.76
2026-08-28T01:56:14+00:00 price=Rp 1,916,521.00 equity=Rp 982,224.76
2026-08-28T01:57:14+00:00 price=Rp 1,915,452.00 equity=Rp 982,224.76
2026-08-28T01:58:14+00:00 price=Rp 1,910,641.00 equity=Rp 982,224.76
2026-08-28T01:59:14+00:00 price=Rp 1,909,000.00 equity=Rp 982,224.76
2026-08-28T02:00:14+00:00 price=Rp 1,909,387.00 equity=Rp 982,224.76
2026-08-28T02:01:14+00:00 price=Rp 1,907,340.00 equity=Rp 982,224.76
2026-08-28T02:02:14+00:00 price=Rp 1,907,340.00 equity=Rp 982,224.76
2026-08-28T02:03:14+00:00 price=Rp 1,906,270.00 equity=Rp 982,224.76
2026-08-28T02:04:14+00:00 price=Rp 1,906,270.00 equity=Rp 982,224.76
2026-08-28T02:05:14+00:00 price=Rp 1,906,695.00 equity=Rp 982,224.76
2026-08-28T02:06:14+00:00 price=Rp 1,906,709.00 equity=Rp 982,224.76
2026-08-28T02:07:16+00:00 price=Rp 1,908,253.00 equity=Rp 982,224.76
2026-08-28T02:08:16+00:00 price=Rp 1,905,374.00 equity=Rp 982,224.76
2026-08-28T02:09:16+00:00 price=Rp 1,908,072.00 equity=Rp 982,224.76
2026-08-28T02:10:16+00:00 price=Rp 1,907,630.00 equity=Rp 982,224.76
2026-08-28T02:11:16+00:00 price=Rp 1,905,380.00 equity=Rp 982,224.76
2026-08-28T02:12:16+00:00 price=Rp 1,905,375.00 equity=Rp 982,224.76
2026-08-28T02:13:16+00:00 price=Rp 1,901,403.00 equity=Rp 982,224.76
2026-08-28T02:14:16+00:00 price=Rp 1,904,498.00 equity=Rp 982,224.76
2026-08-28T02:15:16+00:00 price=Rp 1,901,980.00 equity=Rp 982,224.76
2026-08-28T02:16:16+00:00 price=Rp 1,900,001.00 equity=Rp 982,224.76
2026-08-28T02:17:16+00:00 price=Rp 1,900,001.00 equity=Rp 982,224.76
2026-08-28T02:18:16+00:00 price=Rp 1,901,000.00 equity=Rp 982,224.76
2026-08-28T02:19:16+00:00 price=Rp 1,901,000.00 equity=Rp 982,224.76
2026-08-28T02:20:16+00:00 price=Rp 1,900,999.00 equity=Rp 982,224.76
2026-08-28T02:21:16+00:00 price=Rp 1,900,004.00 equity=Rp 982,224.76
2026-08-28T02:22:17+00:00 price=Rp 1,900,001.00 equity=Rp 982,224.76
2026-08-28T02:23:17+00:00 price=Rp 1,900,001.00 equity=Rp 982,224.76
2026-08-28T02:24:17+00:00 price=Rp 1,895,594.00 equity=Rp 982,224.76
2026-08-28T02:25:17+00:00 price=Rp 1,893,139.00 equity=Rp 982,224.76
2026-08-28T02:26:17+00:00 price=Rp 1,895,533.00 equity=Rp 982,224.76
2026-08-28T02:27:17+00:00 price=Rp 1,901,000.00 equity=Rp 982,224.76
2026-08-28T02:28:17+00:00 price=Rp 1,900,715.00 equity=Rp 982,224.76
2026-08-28T02:29:17+00:00 price=Rp 1,900,715.00 equity=Rp 982,224.76
2026-08-28T02:30:17+00:00 price=Rp 1,891,793.00 equity=Rp 982,224.76
2026-08-28T02:31:17+00:00 price=Rp 1,891,793.00 equity=Rp 982,224.76
2026-08-28T02:32:17+00:00 price=Rp 1,894,000.00 equity=Rp 982,224.76
2026-08-28T02:33:17+00:00 price=Rp 1,890,382.00 equity=Rp 982,224.76
2026-08-28T02:34:17+00:00 price=Rp 1,894,000.00 equity=Rp 982,224.76
2026-08-28T02:35:17+00:00 price=Rp 1,896,618.00 equity=Rp 982,224.76
2026-08-28T02:36:17+00:00 price=Rp 1,894,147.00 equity=Rp 982,224.76
2026-08-28T02:37:17+00:00 price=Rp 1,894,420.00 equity=Rp 982,224.76
2026-08-28T02:38:17+00:00 price=Rp 1,896,717.00 equity=Rp 982,224.76
2026-08-28T02:39:17+00:00 price=Rp 1,898,292.00 equity=Rp 982,224.76
2026-08-28T02:40:17+00:00 price=Rp 1,895,612.00 equity=Rp 982,224.76
2026-08-28T02:41:18+00:00 price=Rp 1,895,572.00 equity=Rp 982,224.76
2026-08-28T02:42:18+00:00 price=Rp 1,897,459.00 equity=Rp 982,224.76
2026-08-28T02:43:18+00:00 price=Rp 1,891,535.00 equity=Rp 982,224.76
2026-08-28T02:44:18+00:00 price=Rp 1,894,947.00 equity=Rp 982,224.76
2026-08-28T02:45:18+00:00 price=Rp 1,892,779.00 equity=Rp 982,224.76
2026-08-28T02:46:18+00:00 price=Rp 1,889,899.00 equity=Rp 982,224.76
2026-08-28T02:47:18+00:00 price=Rp 1,889,900.00 equity=Rp 982,224.76
2026-08-28T02:48:18+00:00 price=Rp 1,885,214.00 equity=Rp 982,224.76
2026-08-28T02:49:18+00:00 price=Rp 1,885,901.00 equity=Rp 982,224.76
2026-08-28T02:50:18+00:00 price=Rp 1,885,901.00 equity=Rp 982,224.76
2026-08-28T02:51:18+00:00 price=Rp 1,885,901.00 equity=Rp 982,224.76
2026-08-28T02:52:18+00:00 price=Rp 1,882,000.00 equity=Rp 982,224.76
2026-08-28T02:53:19+00:00 price=Rp 1,882,998.00 equity=Rp 982,224.76
2026-08-28T02:54:19+00:00 price=Rp 1,883,001.00 equity=Rp 982,224.76
2026-08-28T02:55:19+00:00 price=Rp 1,884,643.00 equity=Rp 982,224.76
2026-08-28T02:56:20+00:00 price=Rp 1,883,448.00 equity=Rp 982,224.76
2026-08-28T02:57:20+00:00 price=Rp 1,884,643.00 equity=Rp 982,224.76
2026-08-28T02:58:20+00:00 price=Rp 1,885,036.00 equity=Rp 982,224.76
2026-08-28T02:59:20+00:00 price=Rp 1,881,965.00 equity=Rp 982,224.76
2026-08-28T03:00:20+00:00 price=Rp 1,882,661.00 equity=Rp 982,224.76
2026-08-28T03:01:20+00:00 price=Rp 1,881,964.00 equity=Rp 982,224.76
2026-08-28T03:02:20+00:00 price=Rp 1,881,964.00 equity=Rp 982,224.76
2026-08-28T03:03:20+00:00 price=Rp 1,881,964.00 equity=Rp 982,224.76
2026-08-28T03:04:20+00:00 price=Rp 1,879,000.00 equity=Rp 982,224.76
2026-08-28T03:05:20+00:00 price=Rp 1,878,425.00 equity=Rp 982,224.76
2026-08-28T03:06:20+00:00 price=Rp 1,876,454.00 equity=Rp 982,224.76
2026-08-28T03:07:20+00:00 price=Rp 1,876,251.00 equity=Rp 982,224.76
2026-08-28T03:08:20+00:00 price=Rp 1,876,250.00 equity=Rp 982,224.76
2026-08-28T03:09:20+00:00 price=Rp 1,876,250.00 equity=Rp 982,224.76
2026-08-28T03:10:20+00:00 price=Rp 1,873,379.00 equity=Rp 982,224.76
2026-08-28T03:11:20+00:00 price=Rp 1,873,000.00 equity=Rp 982,224.76
2026-08-28T03:12:20+00:00 price=Rp 1,877,078.00 equity=Rp 982,224.76
2026-08-28T03:13:20+00:00 price=Rp 1,880,249.00 equity=Rp 982,224.76
2026-08-28T03:14:20+00:00 price=Rp 1,879,457.00 equity=Rp 982,224.76
2026-08-28T03:15:20+00:00 price=Rp 1,879,484.00 equity=Rp 982,224.76
2026-08-28T03:16:21+00:00 price=Rp 1,879,000.00 equity=Rp 982,224.76
2026-08-28T03:17:21+00:00 price=Rp 1,880,249.00 equity=Rp 982,224.76
2026-08-28T03:18:21+00:00 price=Rp 1,880,249.00 equity=Rp 982,224.76
2026-08-28T03:19:21+00:00 price=Rp 1,883,246.00 equity=Rp 982,224.76
2026-08-28T03:20:21+00:00 price=Rp 1,893,000.00 equity=Rp 982,224.76
2026-08-28T03:21:21+00:00 BUY executed (sma_crossover): {'time': '2026-08-28T03:21:21+00:00', 'mode': 'paper', 'side': 'buy', 'reason': 'sma_crossover', 'price': 1895613.0, 'amount': 196444.95222418258, 'asset_after': 0.10332046539431308, 'cash_after': 785779.8088967303}
2026-08-28T03:21:21+00:00 price=Rp 1,895,613.00 equity=Rp 981,635.43
2026-08-28T03:22:21+00:00 price=Rp 1,897,227.00 equity=Rp 981,802.19
2026-08-28T03:23:21+00:00 price=Rp 1,897,165.00 equity=Rp 981,795.78
2026-08-28T03:24:21+00:00 price=Rp 1,897,920.00 equity=Rp 981,873.79
2026-08-28T03:25:21+00:00 price=Rp 1,896,002.00 equity=Rp 981,675.62
2026-08-28T03:26:21+00:00 price=Rp 1,896,002.00 equity=Rp 981,675.62
2026-08-28T03:27:21+00:00 price=Rp 1,890,003.00 equity=Rp 981,055.80
2026-08-28T03:28:21+00:00 price=Rp 1,891,745.00 equity=Rp 981,235.78
2026-08-28T03:29:21+00:00 price=Rp 1,893,329.00 equity=Rp 981,399.44
2026-08-28T03:30:21+00:00 price=Rp 1,889,300.00 equity=Rp 980,983.16
2026-08-28T03:31:21+00:00 price=Rp 1,893,302.00 equity=Rp 981,396.65
2026-08-28T03:32:21+00:00 price=Rp 1,891,116.00 equity=Rp 981,170.79
2026-08-28T03:33:21+00:00 price=Rp 1,893,204.00 equity=Rp 981,386.53
2026-08-28T03:34:21+00:00 price=Rp 1,893,204.00 equity=Rp 981,386.53
2026-08-28T03:35:22+00:00 price=Rp 1,891,964.00 equity=Rp 981,258.41
2026-08-28T03:36:22+00:00 price=Rp 1,891,964.00 equity=Rp 981,258.41
2026-08-28T03:37:22+00:00 price=Rp 1,888,854.00 equity=Rp 980,937.08
2026-08-28T03:38:22+00:00 price=Rp 1,893,205.00 equity=Rp 981,386.63
2026-08-28T03:39:22+00:00 price=Rp 1,890,325.00 equity=Rp 981,089.07
2026-08-28T03:40:22+00:00 price=Rp 1,890,893.00 equity=Rp 981,147.75
2026-08-28T03:41:22+00:00 price=Rp 1,893,205.00 equity=Rp 981,386.63
2026-08-28T03:42:22+00:00 price=Rp 1,891,364.00 equity=Rp 981,196.42
2026-08-28T03:43:22+00:00 price=Rp 1,892,217.00 equity=Rp 981,284.55
2026-08-28T03:44:22+00:00 price=Rp 1,890,147.00 equity=Rp 981,070.68
2026-08-28T03:45:22+00:00 price=Rp 1,890,148.00 equity=Rp 981,070.78
2026-08-28T03:46:22+00:00 SELL executed (sma_crossover): {'time': '2026-08-28T03:46:22+00:00', 'mode': 'paper', 'side': 'sell', 'reason': 'sma_crossover', 'price': 1890147.0, 'amount': 0.10332046539431308, 'asset_after': 0.0, 'cash_after': 980484.803997284}
2026-08-28T03:46:22+00:00 price=Rp 1,890,147.00 equity=Rp 980,484.80
2026-08-28T03:47:22+00:00 price=Rp 1,893,201.00 equity=Rp 980,484.80
2026-08-28T03:48:22+00:00 price=Rp 1,893,201.00 equity=Rp 980,484.80
2026-08-28T03:49:22+00:00 price=Rp 1,890,154.00 equity=Rp 980,484.80
2026-08-28T03:50:24+00:00 price=Rp 1,890,154.00 equity=Rp 980,484.80
2026-08-28T03:51:24+00:00 price=Rp 1,890,153.00 equity=Rp 980,484.80
2026-08-28T03:52:24+00:00 price=Rp 1,892,000.00 equity=Rp 980,484.80
2026-08-28T03:53:24+00:00 price=Rp 1,892,000.00 equity=Rp 980,484.80
2026-08-28T03:54:24+00:00 price=Rp 1,892,001.00 equity=Rp 980,484.80
2026-08-28T03:55:24+00:00 price=Rp 1,892,000.00 equity=Rp 980,484.80
2026-08-28T03:56:24+00:00 price=Rp 1,888,854.00 equity=Rp 980,484.80
2026-08-28T03:57:24+00:00 price=Rp 1,888,855.00 equity=Rp 980,484.80
2026-08-28T03:58:24+00:00 price=Rp 1,888,855.00 equity=Rp 980,484.80
2026-08-28T03:59:24+00:00 price=Rp 1,890,284.00 equity=Rp 980,484.80
2026-08-28T04:00:24+00:00 price=Rp 1,888,855.00 equity=Rp 980,484.80
2026-08-28T04:01:24+00:00 price=Rp 1,891,006.00 equity=Rp 980,484.80
2026-08-28T04:02:24+00:00 price=Rp 1,890,216.00 equity=Rp 980,484.80
2026-08-28T04:03:24+00:00 price=Rp 1,890,405.00 equity=Rp 980,484.80
2026-08-28T04:04:24+00:00 price=Rp 1,891,225.00 equity=Rp 980,484.80
2026-08-28T04:05:24+00:00 price=Rp 1,891,225.00 equity=Rp 980,484.80
2026-08-28T04:06:24+00:00 price=Rp 1,889,374.00 equity=Rp 980,484.80
2026-08-28T04:07:25+00:00 price=Rp 1,891,225.00 equity=Rp 980,484.80
2026-08-28T04:08:25+00:00 price=Rp 1,889,376.00 equity=Rp 980,484.80
2026-08-28T04:09:25+00:00 price=Rp 1,887,485.00 equity=Rp 980,484.80
2026-08-28T04:10:25+00:00 price=Rp 1,885,000.00 equity=Rp 980,484.80
2026-08-28T04:11:25+00:00 price=Rp 1,885,000.00 equity=Rp 980,484.80
2026-08-28T04:12:25+00:00 price=Rp 1,886,739.00 equity=Rp 980,484.80
2026-08-28T04:13:25+00:00 price=Rp 1,891,225.00 equity=Rp 980,484.80
2026-08-28T04:14:25+00:00 price=Rp 1,893,205.00 equity=Rp 980,484.80
2026-08-28T04:15:25+00:00 price=Rp 1,898,290.00 equity=Rp 980,484.80
2026-08-28T04:16:25+00:00 price=Rp 1,897,778.00 equity=Rp 980,484.80
2026-08-28T04:17:25+00:00 BUY executed (sma_crossover): {'time': '2026-08-28T04:17:25+00:00', 'mode': 'paper', 'side': 'buy', 'reason': 'sma_crossover', 'price': 1898292.0, 'amount': 196096.9607994568, 'asset_after': 0.1029918842396525, 'cash_after': 784387.8431978272}
2026-08-28T04:17:25+00:00 price=Rp 1,898,292.00 equity=Rp 979,896.51
2026-08-28T04:18:26+00:00 price=Rp 1,898,292.00 equity=Rp 979,896.51
2026-08-28T04:19:26+00:00 price=Rp 1,898,292.00 equity=Rp 979,896.51
2026-08-28T04:20:26+00:00 price=Rp 1,898,001.00 equity=Rp 979,866.54
2026-08-28T04:21:26+00:00 price=Rp 1,899,290.00 equity=Rp 979,999.30
2026-08-28T04:22:26+00:00 price=Rp 1,899,290.00 equity=Rp 979,999.30
2026-08-28T04:23:27+00:00 price=Rp 1,898,377.00 equity=Rp 979,905.27
2026-08-28T04:24:27+00:00 price=Rp 1,896,061.00 equity=Rp 979,666.74
2026-08-28T04:25:27+00:00 price=Rp 1,896,531.00 equity=Rp 979,715.14
2026-08-28T04:26:27+00:00 price=Rp 1,896,062.00 equity=Rp 979,666.84
2026-08-28T04:27:27+00:00 price=Rp 1,896,062.00 equity=Rp 979,666.84
2026-08-28T04:28:27+00:00 price=Rp 1,896,060.00 equity=Rp 979,666.64
2026-08-28T04:29:27+00:00 price=Rp 1,894,425.00 equity=Rp 979,498.24
2026-08-28T04:30:28+00:00 price=Rp 1,893,061.00 equity=Rp 979,357.76
2026-08-28T04:31:29+00:00 price=Rp 1,894,001.00 equity=Rp 979,454.57
2026-08-28T04:32:29+00:00 price=Rp 1,894,000.00 equity=Rp 979,454.47
2026-08-28T04:33:29+00:00 price=Rp 1,894,001.00 equity=Rp 979,454.57
2026-08-28T04:34:30+00:00 price=Rp 1,893,062.00 equity=Rp 979,357.87
2026-08-28T04:35:30+00:00 price=Rp 1,893,062.00 equity=Rp 979,357.87
2026-08-28T04:36:30+00:00 SELL executed (sma_crossover): {'time': '2026-08-28T04:36:30+00:00', 'mode': 'paper', 'side': 'sell', 'reason': 'sma_crossover', 'price': 1890000.0, 'amount': 0.1029918842396525, 'asset_after': 0.0, 'cash_after': 978458.5404271316}
2026-08-28T04:36:30+00:00 price=Rp 1,890,000.00 equity=Rp 978,458.54
2026-08-28T04:37:30+00:00 price=Rp 1,884,070.00 equity=Rp 978,458.54
2026-08-28T04:38:30+00:00 price=Rp 1,884,280.00 equity=Rp 978,458.54
2026-08-28T04:39:30+00:00 price=Rp 1,882,790.00 equity=Rp 978,458.54
2026-08-28T04:40:30+00:00 price=Rp 1,886,721.00 equity=Rp 978,458.54
2026-08-28T04:41:30+00:00 price=Rp 1,885,904.00 equity=Rp 978,458.54
2026-08-28T04:42:30+00:00 price=Rp 1,890,698.00 equity=Rp 978,458.54
2026-08-28T04:43:30+00:00 price=Rp 1,887,863.00 equity=Rp 978,458.54
2026-08-28T04:44:30+00:00 price=Rp 1,891,699.00 equity=Rp 978,458.54
2026-08-28T04:45:30+00:00 price=Rp 1,891,699.00 equity=Rp 978,458.54
2026-08-28T04:46:30+00:00 price=Rp 1,891,699.00 equity=Rp 978,458.54
2026-08-28T04:47:30+00:00 price=Rp 1,892,772.00 equity=Rp 978,458.54
2026-08-28T04:48:30+00:00 price=Rp 1,892,772.00 equity=Rp 978,458.54
2026-08-28T04:49:30+00:00 price=Rp 1,892,772.00 equity=Rp 978,458.54
2026-08-28T04:50:30+00:00 price=Rp 1,890,654.00 equity=Rp 978,458.54
2026-08-28T04:51:31+00:00 price=Rp 1,892,773.00 equity=Rp 978,458.54
2026-08-28T04:52:31+00:00 price=Rp 1,889,675.00 equity=Rp 978,458.54
2026-08-28T04:53:31+00:00 BUY executed (sma_crossover): {'time': '2026-08-28T04:53:31+00:00', 'mode': 'paper', 'side': 'buy', 'reason': 'sma_crossover', 'price': 1889675.0, 'amount': 195691.70808542633, 'asset_after': 0.10324771876707373, 'cash_after': 782766.8323417052}
2026-08-28T04:53:31+00:00 price=Rp 1,889,675.00 equity=Rp 977,871.47
2026-08-28T04:54:31+00:00 price=Rp 1,891,931.00 equity=Rp 978,104.39
2026-08-28T04:55:31+00:00 price=Rp 1,889,675.00 equity=Rp 977,871.47
2026-08-28T04:56:31+00:00 price=Rp 1,891,239.00 equity=Rp 978,032.94
2026-08-28T04:57:31+00:00 price=Rp 1,889,676.00 equity=Rp 977,871.57
2026-08-28T04:58:31+00:00 price=Rp 1,891,217.00 equity=Rp 978,030.67
2026-08-28T04:59:31+00:00 price=Rp 1,889,999.00 equity=Rp 977,904.92
2026-08-28T05:00:31+00:00 price=Rp 1,888,444.00 equity=Rp 977,744.37
2026-08-28T05:01:31+00:00 SELL executed (sma_crossover): {'time': '2026-08-28T05:01:31+00:00', 'mode': 'paper', 'side': 'sell', 'reason': 'sma_crossover', 'price': 1886265.0, 'amount': 0.10324771876707373, 'asset_after': 0.0, 'cash_after': 976935.132907159}
2026-08-28T05:01:31+00:00 price=Rp 1,886,265.00 equity=Rp 976,935.13
2026-08-28T05:02:31+00:00 price=Rp 1,887,815.00 equity=Rp 976,935.13
2026-08-28T05:03:31+00:00 price=Rp 1,887,777.00 equity=Rp 976,935.13
2026-08-28T05:04:31+00:00 price=Rp 1,889,737.00 equity=Rp 976,935.13
2026-08-28T05:05:31+00:00 price=Rp 1,889,739.00 equity=Rp 976,935.13
2026-08-28T05:06:31+00:00 price=Rp 1,889,739.00 equity=Rp 976,935.13
2026-08-28T05:07:31+00:00 price=Rp 1,889,998.00 equity=Rp 976,935.13
2026-08-28T05:08:31+00:00 price=Rp 1,890,000.00 equity=Rp 976,935.13
2026-08-28T05:09:32+00:00 price=Rp 1,890,000.00 equity=Rp 976,935.13
2026-08-28T05:10:32+00:00 price=Rp 1,888,486.00 equity=Rp 976,935.13
2026-08-28T05:11:32+00:00 price=Rp 1,888,486.00 equity=Rp 976,935.13
2026-08-28T05:12:32+00:00 price=Rp 1,889,999.00 equity=Rp 976,935.13
2026-08-28T05:13:32+00:00 price=Rp 1,889,999.00 equity=Rp 976,935.13
2026-08-28T05:14:32+00:00 price=Rp 1,889,999.00 equity=Rp 976,935.13
2026-08-28T05:15:32+00:00 price=Rp 1,889,999.00 equity=Rp 976,935.13
2026-08-28T05:16:32+00:00 price=Rp 1,889,999.00 equity=Rp 976,935.13
2026-08-28T05:17:32+00:00 price=Rp 1,889,999.00 equity=Rp 976,935.13
2026-08-28T05:18:32+00:00 price=Rp 1,890,000.00 equity=Rp 976,935.13
2026-08-28T05:19:32+00:00 price=Rp 1,889,999.00 equity=Rp 976,935.13
2026-08-28T05:20:32+00:00 BUY executed (sma_crossover): {'time': '2026-08-28T05:20:32+00:00', 'mode': 'paper', 'side': 'buy', 'reason': 'sma_crossover', 'price': 1890000.0, 'amount': 195387.02658143183, 'asset_after': 0.10306924100618388, 'cash_after': 781548.1063257272}
2026-08-28T05:20:32+00:00 price=Rp 1,890,000.00 equity=Rp 976,348.97
2026-08-28T05:21:32+00:00 price=Rp 1,890,000.00 equity=Rp 976,348.97
2026-08-28T05:22:32+00:00 price=Rp 1,890,000.00 equity=Rp 976,348.97
2026-08-28T05:23:32+00:00 price=Rp 1,890,000.00 equity=Rp 976,348.97
2026-08-28T05:24:32+00:00 price=Rp 1,890,000.00 equity=Rp 976,348.97
2026-08-28T05:25:33+00:00 price=Rp 1,890,000.00 equity=Rp 976,348.97
2026-08-28T05:26:33+00:00 price=Rp 1,890,000.00 equity=Rp 976,348.97
2026-08-28T05:27:33+00:00 price=Rp 1,890,000.00 equity=Rp 976,348.97
2026-08-28T05:28:33+00:00 price=Rp 1,888,979.00 equity=Rp 976,243.74
2026-08-28T05:29:33+00:00 price=Rp 1,889,300.00 equity=Rp 976,276.82
2026-08-28T05:30:33+00:00 price=Rp 1,889,093.00 equity=Rp 976,255.49
2026-08-28T05:31:33+00:00 price=Rp 1,889,999.00 equity=Rp 976,348.87
2026-08-28T05:32:33+00:00 price=Rp 1,894,999.00 equity=Rp 976,864.21
2026-08-28T05:33:33+00:00 price=Rp 1,894,999.00 equity=Rp 976,864.21
2026-08-28T05:34:33+00:00 price=Rp 1,899,242.00 equity=Rp 977,301.54
2026-08-28T05:35:34+00:00 price=Rp 1,899,242.00 equity=Rp 977,301.54
2026-08-28T05:36:34+00:00 price=Rp 1,898,000.00 equity=Rp 977,173.53
2026-08-28T05:37:34+00:00 price=Rp 1,898,000.00 equity=Rp 977,173.53
2026-08-28T05:38:34+00:00 price=Rp 1,898,001.00 equity=Rp 977,173.63
2026-08-28T05:39:34+00:00 price=Rp 1,898,000.00 equity=Rp 977,173.53
2026-08-28T05:40:35+00:00 price=Rp 1,898,001.00 equity=Rp 977,173.63
2026-08-28T05:41:35+00:00 price=Rp 1,898,001.00 equity=Rp 977,173.63
2026-08-28T05:42:35+00:00 price=Rp 1,898,001.00 equity=Rp 977,173.63
2026-08-28T05:43:35+00:00 price=Rp 1,895,329.00 equity=Rp 976,898.23
2026-08-28T05:44:35+00:00 price=Rp 1,895,002.00 equity=Rp 976,864.52
2026-08-28T05:45:35+00:00 price=Rp 1,897,965.00 equity=Rp 977,169.92
2026-08-28T05:46:35+00:00 price=Rp 1,895,001.00 equity=Rp 976,864.42
2026-08-28T05:47:35+00:00 price=Rp 1,897,686.00 equity=Rp 977,141.16
2026-08-28T05:48:35+00:00 price=Rp 1,897,965.00 equity=Rp 977,169.92
2026-08-28T05:49:35+00:00 price=Rp 1,900,000.00 equity=Rp 977,379.66
2026-08-28T05:50:35+00:00 price=Rp 1,901,999.00 equity=Rp 977,585.70
2026-08-28T05:51:35+00:00 price=Rp 1,898,781.00 equity=Rp 977,254.02
2026-08-28T05:52:35+00:00 price=Rp 1,897,790.00 equity=Rp 977,151.88
2026-08-28T05:53:36+00:00 price=Rp 1,897,684.00 equity=Rp 977,140.96
2026-08-28T05:54:36+00:00 price=Rp 1,898,748.00 equity=Rp 977,250.62
2026-08-28T05:55:36+00:00 price=Rp 1,895,585.00 equity=Rp 976,924.61
2026-08-28T05:56:36+00:00 price=Rp 1,895,585.00 equity=Rp 976,924.61
2026-08-28T05:57:36+00:00 price=Rp 1,898,423.00 equity=Rp 977,217.12
2026-08-28T05:58:37+00:00 price=Rp 1,892,670.00 equity=Rp 976,624.17
2026-08-28T05:59:37+00:00 price=Rp 1,896,719.00 equity=Rp 977,041.49
2026-08-28T06:00:37+00:00 SELL executed (sma_crossover): {'time': '2026-08-28T06:00:37+00:00', 'mode': 'paper', 'side': 'sell', 'reason': 'sma_crossover', 'price': 1899008.0, 'amount': 0.10306924100618388, 'asset_after': 0.0, 'cash_after': 976690.2316107245}
2026-08-28T06:00:37+00:00 price=Rp 1,899,008.00 equity=Rp 976,690.23
2026-08-28T06:01:37+00:00 price=Rp 1,900,000.00 equity=Rp 976,690.23
2026-08-28T06:02:37+00:00 price=Rp 1,900,297.00 equity=Rp 976,690.23
2026-08-28T06:03:37+00:00 price=Rp 1,897,779.00 equity=Rp 976,690.23
2026-08-28T06:04:37+00:00 price=Rp 1,898,056.00 equity=Rp 976,690.23
2026-08-28T06:05:37+00:00 BUY executed (sma_crossover): {'time': '2026-08-28T06:05:37+00:00', 'mode': 'paper', 'side': 'buy', 'reason': 'sma_crossover', 'price': 1901371.0, 'amount': 195338.04632214492, 'asset_after': 0.10242716028759168, 'cash_after': 781352.1852885796}
2026-08-28T06:05:37+00:00 price=Rp 1,901,371.00 equity=Rp 976,104.22
2026-08-28T06:06:37+00:00 price=Rp 1,899,951.00 equity=Rp 975,958.77
2026-08-28T06:07:37+00:00 price=Rp 1,902,998.00 equity=Rp 976,270.87
2026-08-28T06:08:37+00:00 price=Rp 1,900,019.00 equity=Rp 975,965.74
2026-08-28T06:09:37+00:00 price=Rp 1,903,917.00 equity=Rp 976,365.00
2026-08-28T06:10:37+00:00 price=Rp 1,899,445.00 equity=Rp 975,906.94
2026-08-28T06:11:37+00:00 price=Rp 1,899,445.00 equity=Rp 975,906.94
2026-08-28T06:12:37+00:00 price=Rp 1,902,138.00 equity=Rp 976,182.78
2026-08-28T06:13:37+00:00 price=Rp 1,902,135.00 equity=Rp 976,182.47
2026-08-28T06:14:37+00:00 price=Rp 1,899,900.00 equity=Rp 975,953.55
2026-08-28T06:15:37+00:00 price=Rp 1,902,107.00 equity=Rp 976,179.60
2026-08-28T06:16:38+00:00 price=Rp 1,901,373.00 equity=Rp 976,104.42
2026-08-28T06:17:38+00:00 price=Rp 1,901,532.00 equity=Rp 976,120.71
2026-08-28T06:18:38+00:00 price=Rp 1,901,063.00 equity=Rp 976,072.67
2026-08-28T06:19:38+00:00 price=Rp 1,901,530.00 equity=Rp 976,120.50
2026-08-28T06:20:38+00:00 price=Rp 1,901,530.00 equity=Rp 976,120.50
2026-08-28T06:21:38+00:00 price=Rp 1,899,959.00 equity=Rp 975,959.59
2026-08-28T06:22:38+00:00 price=Rp 1,899,959.00 equity=Rp 975,959.59
2026-08-28T06:23:38+00:00 price=Rp 1,901,530.00 equity=Rp 976,120.50
2026-08-28T06:24:38+00:00 price=Rp 1,900,454.00 equity=Rp 976,010.29
2026-08-28T06:25:38+00:00 price=Rp 1,900,452.00 equity=Rp 976,010.09
2026-08-28T06:26:38+00:00 price=Rp 1,900,452.00 equity=Rp 976,010.09
2026-08-28T06:27:38+00:00 price=Rp 1,899,959.00 equity=Rp 975,959.59
2026-08-28T06:28:38+00:00 price=Rp 1,899,959.00 equity=Rp 975,959.59
2026-08-28T06:29:38+00:00 SELL executed (sma_crossover): {'time': '2026-08-28T06:29:38+00:00', 'mode': 'paper', 'side': 'sell', 'reason': 'sma_crossover', 'price': 1900255.0, 'amount': 0.10242716028759168, 'asset_after': 0.0, 'cash_after': 975405.9955904601}
2026-08-28T06:29:38+00:00 price=Rp 1,900,255.00 equity=Rp 975,406.00
2026-08-28T06:30:38+00:00 price=Rp 1,899,959.00 equity=Rp 975,406.00
2026-08-28T06:31:38+00:00 price=Rp 1,899,959.00 equity=Rp 975,406.00
2026-08-28T06:32:38+00:00 price=Rp 1,899,959.00 equity=Rp 975,406.00
2026-08-28T06:33:38+00:00 price=Rp 1,899,959.00 equity=Rp 975,406.00
2026-08-28T06:34:38+00:00 price=Rp 1,899,959.00 equity=Rp 975,406.00
2026-08-28T06:35:38+00:00 price=Rp 1,901,531.00 equity=Rp 975,406.00
2026-08-28T06:36:39+00:00 price=Rp 1,901,531.00 equity=Rp 975,406.00
2026-08-28T06:37:39+00:00 price=Rp 1,899,960.00 equity=Rp 975,406.00
2026-08-28T06:38:39+00:00 price=Rp 1,899,960.00 equity=Rp 975,406.00
2026-08-28T06:39:39+00:00 price=Rp 1,900,526.00 equity=Rp 975,406.00
2026-08-28T06:40:39+00:00 price=Rp 1,901,532.00 equity=Rp 975,406.00
2026-08-28T06:41:39+00:00 price=Rp 1,900,958.00 equity=Rp 975,406.00
2026-08-28T06:42:39+00:00 BUY executed (sma_crossover): {'time': '2026-08-28T06:42:39+00:00', 'mode': 'paper', 'side': 'buy', 'reason': 'sma_crossover', 'price': 1904152.0, 'amount': 195081.19911809204, 'asset_after': 0.10214308286352022, 'cash_after': 780324.7964723681}
2026-08-28T06:42:39+00:00 price=Rp 1,904,152.00 equity=Rp 974,820.75
2026-08-28T06:43:39+00:00 price=Rp 1,902,903.00 equity=Rp 974,693.18
2026-08-28T06:44:39+00:00 price=Rp 1,907,000.00 equity=Rp 975,111.66
2026-08-28T06:45:39+00:00 price=Rp 1,902,913.00 equity=Rp 974,694.20
2026-08-28T06:46:39+00:00 price=Rp 1,902,913.00 equity=Rp 974,694.20
2026-08-28T06:47:39+00:00 price=Rp 1,902,913.00 equity=Rp 974,694.20
2026-08-28T06:48:39+00:00 price=Rp 1,905,679.00 equity=Rp 974,976.72
2026-08-28T06:49:39+00:00 price=Rp 1,905,740.00 equity=Rp 974,982.96
2026-08-28T06:50:39+00:00 price=Rp 1,906,214.00 equity=Rp 975,031.37
2026-08-28T06:51:39+00:00 price=Rp 1,905,735.00 equity=Rp 974,982.44
2026-08-28T06:52:39+00:00 price=Rp 1,905,732.00 equity=Rp 974,982.14
2026-08-28T06:53:39+00:00 price=Rp 1,905,732.00 equity=Rp 974,982.14
2026-08-28T06:54:40+00:00 price=Rp 1,906,743.00 equity=Rp 975,085.40
2026-08-28T06:55:40+00:00 price=Rp 1,906,742.00 equity=Rp 975,085.30
2026-08-28T06:56:40+00:00 price=Rp 1,905,732.00 equity=Rp 974,982.14
2026-08-28T06:57:40+00:00 price=Rp 1,905,732.00 equity=Rp 974,982.14
2026-08-28T06:58:40+00:00 price=Rp 1,905,732.00 equity=Rp 974,982.14
2026-08-28T06:59:40+00:00 price=Rp 1,906,175.00 equity=Rp 975,027.39
2026-08-28T07:00:41+00:00 price=Rp 1,906,171.00 equity=Rp 975,026.98
2026-08-28T07:01:41+00:00 price=Rp 1,905,733.00 equity=Rp 974,982.24
2026-08-28T07:02:41+00:00 price=Rp 1,905,733.00 equity=Rp 974,982.24
2026-08-28T07:03:41+00:00 price=Rp 1,905,732.00 equity=Rp 974,982.14
2026-08-28T07:04:41+00:00 price=Rp 1,902,910.00 equity=Rp 974,693.89
2026-08-28T07:05:42+00:00 price=Rp 1,897,001.00 equity=Rp 974,090.33
2026-08-28T07:06:42+00:00 SELL executed (sma_crossover): {'time': '2026-08-28T07:06:42+00:00', 'mode': 'paper', 'side': 'sell', 'reason': 'sma_crossover', 'price': 1897000.0, 'amount': 0.10214308286352022, 'asset_after': 0.0, 'cash_after': 973508.9283798896}
2026-08-28T07:06:42+00:00 price=Rp 1,897,000.00 equity=Rp 973,508.93
2026-08-28T07:07:42+00:00 price=Rp 1,897,001.00 equity=Rp 973,508.93
2026-08-28T07:08:42+00:00 price=Rp 1,897,001.00 equity=Rp 973,508.93
2026-08-28T07:09:42+00:00 price=Rp 1,893,279.00 equity=Rp 973,508.93
2026-08-28T07:10:42+00:00 price=Rp 1,891,081.00 equity=Rp 973,508.93
2026-08-28T07:11:42+00:00 price=Rp 1,890,661.00 equity=Rp 973,508.93
2026-08-28T07:12:42+00:00 price=Rp 1,890,662.00 equity=Rp 973,508.93
2026-08-28T07:13:42+00:00 price=Rp 1,890,000.00 equity=Rp 973,508.93
2026-08-28T07:14:42+00:00 price=Rp 1,892,690.00 equity=Rp 973,508.93
2026-08-28T07:15:42+00:00 price=Rp 1,894,139.00 equity=Rp 973,508.93
2026-08-28T07:16:42+00:00 price=Rp 1,890,976.00 equity=Rp 973,508.93
2026-08-28T07:17:42+00:00 price=Rp 1,894,140.00 equity=Rp 973,508.93
2026-08-28T07:18:43+00:00 price=Rp 1,891,854.00 equity=Rp 973,508.93
2026-08-28T07:19:43+00:00 price=Rp 1,891,855.00 equity=Rp 973,508.93
2026-08-28T07:20:43+00:00 price=Rp 1,891,854.00 equity=Rp 973,508.93
2026-08-28T07:21:43+00:00 price=Rp 1,890,000.00 equity=Rp 973,508.93
2026-08-28T07:22:43+00:00 price=Rp 1,890,001.00 equity=Rp 973,508.93
2026-08-28T07:23:43+00:00 price=Rp 1,890,903.00 equity=Rp 973,508.93
2026-08-28T07:24:43+00:00 price=Rp 1,890,000.00 equity=Rp 973,508.93
2026-08-28T07:25:43+00:00 price=Rp 1,890,001.00 equity=Rp 973,508.93
2026-08-28T07:26:43+00:00 price=Rp 1,890,002.00 equity=Rp 973,508.93
2026-08-28T07:27:43+00:00 price=Rp 1,890,902.00 equity=Rp 973,508.93
2026-08-28T07:28:43+00:00 price=Rp 1,890,297.00 equity=Rp 973,508.93
2026-08-28T07:29:43+00:00 price=Rp 1,890,902.00 equity=Rp 973,508.93
2026-08-28T07:30:43+00:00 price=Rp 1,890,545.00 equity=Rp 973,508.93
2026-08-28T07:31:43+00:00 price=Rp 1,890,545.00 equity=Rp 973,508.93
2026-08-28T07:32:43+00:00 price=Rp 1,890,546.00 equity=Rp 973,508.93
2026-08-28T07:33:43+00:00 price=Rp 1,890,545.00 equity=Rp 973,508.93
2026-08-28T07:34:43+00:00 price=Rp 1,890,900.00 equity=Rp 973,508.93
2026-08-28T07:35:43+00:00 price=Rp 1,890,900.00 equity=Rp 973,508.93
2026-08-28T07:36:44+00:00 price=Rp 1,890,000.00 equity=Rp 973,508.93
2026-08-28T07:37:44+00:00 price=Rp 1,890,001.00 equity=Rp 973,508.93
2026-08-28T07:38:44+00:00 price=Rp 1,890,900.00 equity=Rp 973,508.93
2026-08-28T07:39:44+00:00 price=Rp 1,890,900.00 equity=Rp 973,508.93
2026-08-28T07:40:44+00:00 price=Rp 1,890,900.00 equity=Rp 973,508.93
2026-08-28T07:41:44+00:00 price=Rp 1,890,900.00 equity=Rp 973,508.93
2026-08-28T07:42:44+00:00 price=Rp 1,890,899.00 equity=Rp 973,508.93
2026-08-28T07:43:44+00:00 price=Rp 1,890,800.00 equity=Rp 973,508.93
2026-08-28T07:44:44+00:00 price=Rp 1,890,004.00 equity=Rp 973,508.93
2026-08-28T07:45:44+00:00 price=Rp 1,890,900.00 equity=Rp 973,508.93
2026-08-28T07:46:44+00:00 price=Rp 1,890,900.00 equity=Rp 973,508.93
2026-08-28T07:47:46+00:00 BUY executed (sma_crossover): {'time': '2026-08-28T07:47:46+00:00', 'mode': 'paper', 'side': 'buy', 'reason': 'sma_crossover', 'price': 1890900.0, 'amount': 194701.78567597794, 'asset_after': 0.10265888218253214, 'cash_after': 778807.1427039116}
2026-08-28T07:47:46+00:00 price=Rp 1,890,900.00 equity=Rp 972,924.82
2026-08-28T07:48:47+00:00 price=Rp 1,890,900.00 equity=Rp 972,924.82
2026-08-28T07:49:47+00:00 price=Rp 1,890,900.00 equity=Rp 972,924.82
2026-08-28T07:50:47+00:00 price=Rp 1,890,003.00 equity=Rp 972,832.74
2026-08-28T07:51:47+00:00 price=Rp 1,890,900.00 equity=Rp 972,924.82
2026-08-28T07:52:47+00:00 price=Rp 1,890,004.00 equity=Rp 972,832.84
2026-08-28T07:53:47+00:00 SELL executed (sma_crossover): {'time': '2026-08-28T07:53:47+00:00', 'mode': 'paper', 'side': 'sell', 'reason': 'sma_crossover', 'price': 1890004.0, 'amount': 0.10265888218253214, 'asset_after': 0.0, 'cash_after': 972250.7635705445}
2026-08-28T07:53:47+00:00 price=Rp 1,890,004.00 equity=Rp 972,250.76
2026-08-28T07:54:47+00:00 BUY executed (sma_crossover): {'time': '2026-08-28T07:54:47+00:00', 'mode': 'paper', 'side': 'buy', 'reason': 'sma_crossover', 'price': 1890901.0, 'amount': 194450.15271410893, 'asset_after': 0.1025261514251495, 'cash_after': 777800.6108564356}
2026-08-28T07:54:47+00:00 price=Rp 1,890,901.00 equity=Rp 971,667.41
2026-08-28T07:55:47+00:00 SELL executed (sma_crossover): {'time': '2026-08-28T07:55:47+00:00', 'mode': 'paper', 'side': 'sell', 'reason': 'sma_crossover', 'price': 1890003.0, 'amount': 0.1025261514251495, 'asset_after': 0.0, 'cash_after': 970994.0204271064}
2026-08-28T07:55:47+00:00 price=Rp 1,890,003.00 equity=Rp 970,994.02
2026-08-28T07:56:47+00:00 price=Rp 1,890,003.00 equity=Rp 970,994.02
2026-08-28T07:57:47+00:00 price=Rp 1,890,004.00 equity=Rp 970,994.02
2026-08-28T07:58:47+00:00 price=Rp 1,890,000.00 equity=Rp 970,994.02
2026-08-28T07:59:47+00:00 price=Rp 1,889,181.00 equity=Rp 970,994.02
2026-08-28T08:00:48+00:00 price=Rp 1,889,181.00 equity=Rp 970,994.02
2026-08-28T08:01:48+00:00 price=Rp 1,889,181.00 equity=Rp 970,994.02
2026-08-28T08:02:48+00:00 price=Rp 1,889,182.00 equity=Rp 970,994.02
2026-08-28T08:03:48+00:00 price=Rp 1,890,902.00 equity=Rp 970,994.02
2026-08-28T08:04:48+00:00 price=Rp 1,890,901.00 equity=Rp 970,994.02
2026-08-28T08:05:48+00:00 price=Rp 1,890,900.00 equity=Rp 970,994.02
2026-08-28T08:06:48+00:00 price=Rp 1,889,182.00 equity=Rp 970,994.02
2026-08-28T08:07:48+00:00 price=Rp 1,889,181.00 equity=Rp 970,994.02
2026-08-28T08:08:48+00:00 price=Rp 1,889,181.00 equity=Rp 970,994.02
2026-08-28T08:09:48+00:00 price=Rp 1,889,182.00 equity=Rp 970,994.02
2026-08-28T08:10:48+00:00 price=Rp 1,890,881.00 equity=Rp 970,994.02
2026-08-28T08:11:48+00:00 price=Rp 1,890,385.00 equity=Rp 970,994.02
2026-08-28T08:12:48+00:00 price=Rp 1,889,111.00 equity=Rp 970,994.02
2026-08-28T08:13:51+00:00 price=Rp 1,889,179.00 equity=Rp 970,994.02
2026-08-28T08:14:51+00:00 price=Rp 1,889,111.00 equity=Rp 970,994.02
2026-08-28T08:15:51+00:00 price=Rp 1,889,181.00 equity=Rp 970,994.02
2026-08-28T08:16:51+00:00 price=Rp 1,889,181.00 equity=Rp 970,994.02
2026-08-28T08:17:51+00:00 price=Rp 1,890,111.00 equity=Rp 970,994.02
2026-08-28T08:18:51+00:00 price=Rp 1,890,111.00 equity=Rp 970,994.02
2026-08-28T08:19:51+00:00 price=Rp 1,890,660.00 equity=Rp 970,994.02
2026-08-28T08:20:51+00:00 price=Rp 1,890,882.00 equity=Rp 970,994.02
2026-08-28T08:21:51+00:00 price=Rp 1,890,661.00 equity=Rp 970,994.02
2026-08-28T08:22:51+00:00 BUY executed (sma_crossover): {'time': '2026-08-28T08:22:51+00:00', 'mode': 'paper', 'side': 'buy', 'reason': 'sma_crossover', 'price': 1890661.0, 'amount': 194198.8040854213, 'asset_after': 0.10240662269606504, 'cash_after': 776795.2163416852}
2026-08-28T08:22:51+00:00 price=Rp 1,890,661.00 equity=Rp 970,411.42
2026-08-28T08:23:51+00:00 price=Rp 1,890,660.00 equity=Rp 970,411.32
2026-08-28T08:24:52+00:00 price=Rp 1,890,660.00 equity=Rp 970,411.32
2026-08-28T08:25:52+00:00 price=Rp 1,890,661.00 equity=Rp 970,411.42
2026-08-28T08:26:52+00:00 price=Rp 1,890,661.00 equity=Rp 970,411.42
2026-08-28T08:27:52+00:00 price=Rp 1,890,660.00 equity=Rp 970,411.32
2026-08-28T08:28:52+00:00 price=Rp 1,890,661.00 equity=Rp 970,411.42
2026-08-28T08:29:52+00:00 price=Rp 1,890,661.00 equity=Rp 970,411.42
2026-08-28T08:30:52+00:00 price=Rp 1,890,660.00 equity=Rp 970,411.32
2026-08-28T08:31:52+00:00 price=Rp 1,890,660.00 equity=Rp 970,411.32
2026-08-28T08:32:52+00:00 price=Rp 1,890,660.00 equity=Rp 970,411.32
2026-08-28T08:33:52+00:00 price=Rp 1,890,660.00 equity=Rp 970,411.32
2026-08-28T08:34:52+00:00 price=Rp 1,890,660.00 equity=Rp 970,411.32
2026-08-28T08:35:52+00:00 price=Rp 1,890,661.00 equity=Rp 970,411.42
2026-08-28T08:36:52+00:00 price=Rp 1,890,660.00 equity=Rp 970,411.32
2026-08-28T08:37:52+00:00 price=Rp 1,890,660.00 equity=Rp 970,411.32
2026-08-28T08:38:53+00:00 price=Rp 1,890,661.00 equity=Rp 970,411.42
2026-08-28T08:39:53+00:00 price=Rp 1,890,661.00 equity=Rp 970,411.42
2026-08-28T08:40:53+00:00 price=Rp 1,890,661.00 equity=Rp 970,411.42
2026-08-28T08:41:53+00:00 price=Rp 1,890,660.00 equity=Rp 970,411.32
2026-08-28T08:42:53+00:00 price=Rp 1,890,660.00 equity=Rp 970,411.32
2026-08-28T08:43:53+00:00 price=Rp 1,890,660.00 equity=Rp 970,411.32
2026-08-28T08:44:53+00:00 price=Rp 1,890,660.00 equity=Rp 970,411.32
2026-08-28T08:45:53+00:00 SELL executed (sma_crossover): {'time': '2026-08-28T08:45:53+00:00', 'mode': 'paper', 'side': 'sell', 'reason': 'sma_crossover', 'price': 1886111.0, 'amount': 0.10240662269606504, 'asset_after': 0.0, 'cash_after': 969366.0231089634}
2026-08-28T08:45:53+00:00 price=Rp 1,886,111.00 equity=Rp 969,366.02
2026-08-28T08:46:53+00:00 price=Rp 1,886,111.00 equity=Rp 969,366.02
2026-08-28T08:47:53+00:00 price=Rp 1,883,111.00 equity=Rp 969,366.02
2026-08-28T08:48:53+00:00 price=Rp 1,880,000.00 equity=Rp 969,366.02
2026-08-28T08:49:53+00:00 price=Rp 1,880,000.00 equity=Rp 969,366.02
2026-08-28T08:50:53+00:00 price=Rp 1,876,871.00 equity=Rp 969,366.02
2026-08-28T08:51:53+00:00 price=Rp 1,883,011.00 equity=Rp 969,366.02
2026-08-28T08:52:53+00:00 price=Rp 1,883,612.00 equity=Rp 969,366.02
2026-08-28T08:53:54+00:00 price=Rp 1,883,058.00 equity=Rp 969,366.02
2026-08-28T08:54:54+00:00 price=Rp 1,883,328.00 equity=Rp 969,366.02
2026-08-28T08:55:54+00:00 price=Rp 1,882,696.00 equity=Rp 969,366.02
2026-08-28T08:56:54+00:00 price=Rp 1,881,072.00 equity=Rp 969,366.02
2026-08-28T08:57:54+00:00 price=Rp 1,881,072.00 equity=Rp 969,366.02
2026-08-28T08:58:54+00:00 price=Rp 1,881,072.00 equity=Rp 969,366.02
2026-08-28T08:59:54+00:00 price=Rp 1,881,072.00 equity=Rp 969,366.02
2026-08-28T09:00:54+00:00 price=Rp 1,881,072.00 equity=Rp 969,366.02
2026-08-28T09:01:54+00:00 price=Rp 1,881,072.00 equity=Rp 969,366.02
2026-08-28T09:02:54+00:00 price=Rp 1,877,714.00 equity=Rp 969,366.02
2026-08-28T09:03:54+00:00 price=Rp 1,878,114.00 equity=Rp 969,366.02
2026-08-28T09:04:54+00:00 price=Rp 1,877,747.00 equity=Rp 969,366.02
2026-08-28T09:05:54+00:00 price=Rp 1,881,073.00 equity=Rp 969,366.02
2026-08-28T09:06:55+00:00 price=Rp 1,881,068.00 equity=Rp 969,366.02
2026-08-28T09:07:55+00:00 price=Rp 1,881,073.00 equity=Rp 969,366.02
2026-08-28T09:08:55+00:00 price=Rp 1,880,709.00 equity=Rp 969,366.02
2026-08-28T09:09:55+00:00 price=Rp 1,881,072.00 equity=Rp 969,366.02
2026-08-28T09:10:55+00:00 price=Rp 1,881,073.00 equity=Rp 969,366.02
2026-08-28T09:11:55+00:00 price=Rp 1,883,898.00 equity=Rp 969,366.02
2026-08-28T09:12:55+00:00 price=Rp 1,883,898.00 equity=Rp 969,366.02
2026-08-28T09:13:55+00:00 price=Rp 1,884,873.00 equity=Rp 969,366.02
2026-08-28T09:14:55+00:00 BUY executed (sma_crossover): {'time': '2026-08-28T09:14:55+00:00', 'mode': 'paper', 'side': 'buy', 'reason': 'sma_crossover', 'price': 1886060.0, 'amount': 193873.20462179268, 'asset_after': 0.10248432446896032, 'cash_after': 775492.8184871707}
2026-08-28T09:14:55+00:00 price=Rp 1,886,060.00 equity=Rp 968,784.40
2026-08-28T09:15:55+00:00 price=Rp 1,889,058.00 equity=Rp 969,091.65
2026-08-28T09:16:55+00:00 price=Rp 1,885,334.00 equity=Rp 968,710.00
2026-08-28T09:17:55+00:00 price=Rp 1,889,624.00 equity=Rp 969,149.66
2026-08-28T09:18:55+00:00 price=Rp 1,889,624.00 equity=Rp 969,149.66
2026-08-28T09:19:55+00:00 price=Rp 1,886,745.00 equity=Rp 968,854.61
2026-08-28T09:20:55+00:00 price=Rp 1,886,611.00 equity=Rp 968,840.87
2026-08-28T09:21:55+00:00 price=Rp 1,886,612.00 equity=Rp 968,840.97
2026-08-28T09:22:55+00:00 price=Rp 1,886,611.00 equity=Rp 968,840.87
2026-08-28T09:23:55+00:00 price=Rp 1,886,611.00 equity=Rp 968,840.87
2026-08-28T09:24:55+00:00 price=Rp 1,885,892.00 equity=Rp 968,767.19
2026-08-28T09:25:56+00:00 price=Rp 1,885,748.00 equity=Rp 968,752.43
2026-08-28T09:26:56+00:00 price=Rp 1,888,042.00 equity=Rp 968,987.53
2026-08-28T09:27:56+00:00 price=Rp 1,886,464.00 equity=Rp 968,825.81
2026-08-28T09:28:56+00:00 price=Rp 1,886,464.00 equity=Rp 968,825.81
2026-08-28T09:29:56+00:00 price=Rp 1,885,794.00 equity=Rp 968,757.14
2026-08-28T09:30:56+00:00 price=Rp 1,882,112.00 equity=Rp 968,379.80
2026-08-28T09:31:56+00:00 price=Rp 1,883,312.00 equity=Rp 968,502.78
2026-08-28T09:32:56+00:00 price=Rp 1,882,111.00 equity=Rp 968,379.69
2026-08-28T09:33:56+00:00 price=Rp 1,882,111.00 equity=Rp 968,379.69
2026-08-28T09:34:56+00:00 SELL executed (sma_crossover): {'time': '2026-08-28T09:34:56+00:00', 'mode': 'paper', 'side': 'sell', 'reason': 'sma_crossover', 'price': 1881671.0, 'amount': 0.10248432446896032, 'asset_after': 0.0, 'cash_after': 967756.0744510803}
2026-08-28T09:34:56+00:00 price=Rp 1,881,671.00 equity=Rp 967,756.07
2026-08-28T09:35:56+00:00 price=Rp 1,881,671.00 equity=Rp 967,756.07
2026-08-28T09:36:56+00:00 price=Rp 1,883,125.00 equity=Rp 967,756.07
2026-08-28T09:37:56+00:00 price=Rp 1,885,388.00 equity=Rp 967,756.07
2026-08-28T09:38:56+00:00 price=Rp 1,884,405.00 equity=Rp 967,756.07
2026-08-28T09:39:56+00:00 price=Rp 1,885,846.00 equity=Rp 967,756.07
2026-08-28T09:40:56+00:00 price=Rp 1,884,748.00 equity=Rp 967,756.07
2026-08-28T09:41:56+00:00 price=Rp 1,884,011.00 equity=Rp 967,756.07
2026-08-28T09:42:56+00:00 price=Rp 1,879,606.00 equity=Rp 967,756.07
2026-08-28T09:43:56+00:00 price=Rp 1,873,911.00 equity=Rp 967,756.07
2026-08-28T09:44:56+00:00 price=Rp 1,870,441.00 equity=Rp 967,756.07
2026-08-28T09:45:56+00:00 price=Rp 1,872,336.00 equity=Rp 967,756.07
2026-08-28T09:46:57+00:00 price=Rp 1,873,943.00 equity=Rp 967,756.07
2026-08-28T09:47:57+00:00 price=Rp 1,876,078.00 equity=Rp 967,756.07
2026-08-28T09:48:57+00:00 price=Rp 1,876,077.00 equity=Rp 967,756.07
2026-08-28T09:49:57+00:00 price=Rp 1,876,077.00 equity=Rp 967,756.07
2026-08-28T09:50:57+00:00 price=Rp 1,875,093.00 equity=Rp 967,756.07
2026-08-28T09:51:57+00:00 price=Rp 1,873,950.00 equity=Rp 967,756.07
2026-08-28T09:52:57+00:00 price=Rp 1,873,950.00 equity=Rp 967,756.07
2026-08-28T09:53:57+00:00 price=Rp 1,876,290.00 equity=Rp 967,756.07
2026-08-28T09:54:57+00:00 price=Rp 1,876,907.00 equity=Rp 967,756.07
2026-08-28T09:55:57+00:00 price=Rp 1,876,911.00 equity=Rp 967,756.07
2026-08-28T09:56:57+00:00 price=Rp 1,876,911.00 equity=Rp 967,756.07
Screen selected SOLIDR: score=3.63, 24h momentum=1.50%, spread=0.094%
Loaded 32 historical candles for SOLIDR.
Started paper bot for SOLIDR. Press Ctrl+C to stop.
2026-08-28T09:58:13+00:00 price=Rp 1,875,740.00 equity=Rp 1,000,000.00
2026-08-28T09:59:13+00:00 price=Rp 1,875,532.00 equity=Rp 1,000,000.00
2026-08-28T10:00:13+00:00 price=Rp 1,878,401.00 equity=Rp 1,000,000.00
2026-08-28T10:01:13+00:00 price=Rp 1,878,401.00 equity=Rp 1,000,000.00
2026-08-28T10:02:13+00:00 price=Rp 1,873,950.00 equity=Rp 1,000,000.00
2026-08-28T10:03:13+00:00 price=Rp 1,874,970.00 equity=Rp 1,000,000.00
2026-08-28T10:04:13+00:00 price=Rp 1,872,337.00 equity=Rp 1,000,000.00
2026-08-28T10:05:13+00:00 price=Rp 1,860,000.00 equity=Rp 1,000,000.00
2026-08-28T10:06:13+00:00 price=Rp 1,860,295.00 equity=Rp 1,000,000.00
2026-08-28T10:07:13+00:00 price=Rp 1,856,113.00 equity=Rp 1,000,000.00
2026-08-28T10:08:13+00:00 price=Rp 1,855,000.00 equity=Rp 1,000,000.00
2026-08-28T10:09:13+00:00 price=Rp 1,860,177.00 equity=Rp 1,000,000.00
2026-08-28T10:10:13+00:00 price=Rp 1,859,343.00 equity=Rp 1,000,000.00
2026-08-28T10:11:13+00:00 price=Rp 1,862,763.00 equity=Rp 1,000,000.00
2026-08-28T10:12:14+00:00 price=Rp 1,863,493.00 equity=Rp 1,000,000.00
2026-08-28T10:13:14+00:00 price=Rp 1,861,858.00 equity=Rp 1,000,000.00
2026-08-28T10:14:14+00:00 price=Rp 1,864,687.00 equity=Rp 1,000,000.00
2026-08-28T10:15:14+00:00 price=Rp 1,864,686.00 equity=Rp 1,000,000.00
2026-08-28T10:16:14+00:00 price=Rp 1,865,246.00 equity=Rp 1,000,000.00
2026-08-28T10:17:14+00:00 price=Rp 1,863,107.00 equity=Rp 1,000,000.00
2026-08-28T10:18:14+00:00 price=Rp 1,861,955.00 equity=Rp 1,000,000.00
2026-08-28T10:19:14+00:00 price=Rp 1,863,346.00 equity=Rp 1,000,000.00
2026-08-28T10:20:14+00:00 price=Rp 1,865,358.00 equity=Rp 1,000,000.00
2026-08-28T10:21:14+00:00 price=Rp 1,862,749.00 equity=Rp 1,000,000.00
2026-08-28T10:22:14+00:00 price=Rp 1,863,014.00 equity=Rp 1,000,000.00
2026-08-28T10:23:14+00:00 price=Rp 1,865,142.00 equity=Rp 1,000,000.00
2026-08-28T10:24:14+00:00 price=Rp 1,866,181.00 equity=Rp 1,000,000.00
2026-08-28T10:25:14+00:00 price=Rp 1,866,185.00 equity=Rp 1,000,000.00
2026-08-28T10:26:14+00:00 price=Rp 1,863,016.00 equity=Rp 1,000,000.00
2026-08-28T10:27:14+00:00 price=Rp 1,867,191.00 equity=Rp 1,000,000.00
2026-08-28T10:28:14+00:00 price=Rp 1,867,191.00 equity=Rp 1,000,000.00
2026-08-28T10:29:14+00:00 BUY executed (sma_crossover): {'time': '2026-08-28T10:29:14+00:00', 'mode': 'paper', 'side': 'buy', 'reason': 'sma_crossover', 'price': 1867188.0, 'amount': 200000.0, 'asset_after': 0.10679160320224851, 'cash_after': 800000.0}
2026-08-28T10:29:14+00:00 price=Rp 1,867,188.00 equity=Rp 999,400.00
2026-08-28T10:30:15+00:00 price=Rp 1,867,068.00 equity=Rp 999,387.19
2026-08-28T10:31:15+00:00 price=Rp 1,870,872.00 equity=Rp 999,793.42
2026-08-28T10:32:15+00:00 price=Rp 1,869,896.00 equity=Rp 999,689.19
2026-08-28T10:33:15+00:00 price=Rp 1,874,719.00 equity=Rp 1,000,204.25
2026-08-28T10:34:15+00:00 price=Rp 1,871,414.00 equity=Rp 999,851.30
2026-08-28T10:35:15+00:00 price=Rp 1,874,243.00 equity=Rp 1,000,153.41
2026-08-28T10:36:15+00:00 price=Rp 1,874,243.00 equity=Rp 1,000,153.41
2026-08-28T10:37:15+00:00 price=Rp 1,875,555.00 equity=Rp 1,000,293.53
2026-08-28T10:38:15+00:00 price=Rp 1,875,555.00 equity=Rp 1,000,293.53
2026-08-28T10:39:15+00:00 price=Rp 1,872,786.00 equity=Rp 999,997.82
2026-08-28T10:40:15+00:00 price=Rp 1,875,424.00 equity=Rp 1,000,279.54
2026-08-28T10:41:15+00:00 price=Rp 1,876,368.00 equity=Rp 1,000,380.35
2026-08-28T10:42:15+00:00 price=Rp 1,875,324.00 equity=Rp 1,000,268.86
2026-08-28T10:43:15+00:00 price=Rp 1,875,324.00 equity=Rp 1,000,268.86
2026-08-28T10:44:15+00:00 price=Rp 1,875,056.00 equity=Rp 1,000,240.24
2026-08-28T10:45:15+00:00 price=Rp 1,875,056.00 equity=Rp 1,000,240.24
2026-08-28T10:46:15+00:00 price=Rp 1,875,053.00 equity=Rp 1,000,239.92
2026-08-28T10:47:15+00:00 price=Rp 1,875,000.00 equity=Rp 1,000,234.26
2026-08-28T10:48:16+00:00 price=Rp 1,875,000.00 equity=Rp 1,000,234.26
2026-08-28T10:49:16+00:00 price=Rp 1,874,999.00 equity=Rp 1,000,234.15
2026-08-28T10:50:16+00:00 price=Rp 1,874,207.00 equity=Rp 1,000,149.57
2026-08-28T10:51:16+00:00 price=Rp 1,874,999.00 equity=Rp 1,000,234.15
2026-08-28T10:52:16+00:00 price=Rp 1,872,789.00 equity=Rp 999,998.14
2026-08-28T10:53:16+00:00 price=Rp 1,874,998.00 equity=Rp 1,000,234.04
2026-08-28T10:54:16+00:00 price=Rp 1,873,446.00 equity=Rp 1,000,068.30
2026-08-28T10:55:16+00:00 price=Rp 1,874,999.00 equity=Rp 1,000,234.15
2026-08-28T10:56:16+00:00 price=Rp 1,877,657.00 equity=Rp 1,000,518.00
2026-08-28T10:57:16+00:00 price=Rp 1,879,856.00 equity=Rp 1,000,752.84
2026-08-28T10:58:16+00:00 price=Rp 1,879,923.00 equity=Rp 1,000,759.99
2026-08-28T10:59:16+00:00 price=Rp 1,879,923.00 equity=Rp 1,000,759.99
2026-08-28T11:00:16+00:00 price=Rp 1,880,914.00 equity=Rp 1,000,865.82
2026-08-28T11:01:16+00:00 price=Rp 1,883,716.00 equity=Rp 1,001,165.05
2026-08-28T11:02:16+00:00 price=Rp 1,885,293.00 equity=Rp 1,001,333.46
2026-08-28T11:03:16+00:00 price=Rp 1,885,293.00 equity=Rp 1,001,333.46
2026-08-28T11:04:16+00:00 price=Rp 1,888,632.00 equity=Rp 1,001,690.04
2026-08-28T11:05:16+00:00 price=Rp 1,889,088.00 equity=Rp 1,001,738.74
2026-08-28T11:06:16+00:00 price=Rp 1,884,275.00 equity=Rp 1,001,224.75
2026-08-28T11:07:17+00:00 price=Rp 1,887,031.00 equity=Rp 1,001,519.07
2026-08-28T11:08:17+00:00 price=Rp 1,884,528.00 equity=Rp 1,001,251.77
2026-08-28T11:09:17+00:00 price=Rp 1,886,978.00 equity=Rp 1,001,513.41
2026-08-28T11:10:17+00:00 price=Rp 1,884,501.00 equity=Rp 1,001,248.88
2026-08-28T11:11:17+00:00 price=Rp 1,885,849.00 equity=Rp 1,001,392.84
2026-08-28T11:12:17+00:00 price=Rp 1,885,849.00 equity=Rp 1,001,392.84
2026-08-28T11:13:17+00:00 price=Rp 1,885,482.00 equity=Rp 1,001,353.65
2026-08-28T11:14:17+00:00 price=Rp 1,886,951.00 equity=Rp 1,001,510.52
2026-08-28T11:15:17+00:00 price=Rp 1,886,951.00 equity=Rp 1,001,510.52
2026-08-28T11:16:17+00:00 price=Rp 1,886,509.00 equity=Rp 1,001,463.32
2026-08-28T11:17:17+00:00 price=Rp 1,887,498.00 equity=Rp 1,001,568.94
2026-08-28T11:18:17+00:00 price=Rp 1,887,498.00 equity=Rp 1,001,568.94
2026-08-28T11:19:17+00:00 price=Rp 1,886,733.00 equity=Rp 1,001,487.24
2026-08-28T11:20:17+00:00 price=Rp 1,886,733.00 equity=Rp 1,001,487.24
2026-08-28T11:21:17+00:00 price=Rp 1,886,955.00 equity=Rp 1,001,510.95
2026-08-28T11:22:17+00:00 price=Rp 1,883,581.00 equity=Rp 1,001,150.63
2026-08-28T11:23:17+00:00 price=Rp 1,880,802.00 equity=Rp 1,000,853.86
2026-08-28T11:24:17+00:00 price=Rp 1,883,342.00 equity=Rp 1,001,125.11
2026-08-28T11:25:18+00:00 price=Rp 1,883,343.00 equity=Rp 1,001,125.22
2026-08-28T11:26:18+00:00 price=Rp 1,883,343.00 equity=Rp 1,001,125.22
2026-08-28T11:27:18+00:00 SELL executed (sma_crossover): {'time': '2026-08-28T11:27:18+00:00', 'mode': 'paper', 'side': 'sell', 'reason': 'sma_crossover', 'price': 1883343.0, 'amount': 0.10679160320224851, 'asset_after': 0.0, 'cash_after': 1000521.8426946831}
2026-08-28T11:27:18+00:00 price=Rp 1,883,343.00 equity=Rp 1,000,521.84
2026-08-28T11:28:18+00:00 price=Rp 1,880,233.00 equity=Rp 1,000,521.84
2026-08-28T11:29:18+00:00 price=Rp 1,880,233.00 equity=Rp 1,000,521.84
2026-08-28T11:30:18+00:00 price=Rp 1,882,381.00 equity=Rp 1,000,521.84
2026-08-28T11:31:18+00:00 price=Rp 1,880,233.00 equity=Rp 1,000,521.84
2026-08-28T11:32:18+00:00 price=Rp 1,880,233.00 equity=Rp 1,000,521.84
2026-08-28T11:33:18+00:00 price=Rp 1,880,333.00 equity=Rp 1,000,521.84
2026-08-28T11:34:18+00:00 price=Rp 1,882,379.00 equity=Rp 1,000,521.84
2026-08-28T11:35:18+00:00 price=Rp 1,882,379.00 equity=Rp 1,000,521.84
2026-08-28T11:36:18+00:00 price=Rp 1,882,379.00 equity=Rp 1,000,521.84
2026-08-28T11:37:19+00:00 price=Rp 1,874,612.00 equity=Rp 1,000,521.84
2026-08-28T11:38:19+00:00 price=Rp 1,874,614.00 equity=Rp 1,000,521.84
2026-08-28T11:39:19+00:00 price=Rp 1,875,958.00 equity=Rp 1,000,521.84
2026-08-28T11:40:19+00:00 price=Rp 1,875,945.00 equity=Rp 1,000,521.84
2026-08-28T11:41:19+00:00 price=Rp 1,875,539.00 equity=Rp 1,000,521.84
2026-08-28T11:42:19+00:00 price=Rp 1,872,790.00 equity=Rp 1,000,521.84
2026-08-28T11:43:19+00:00 price=Rp 1,876,767.00 equity=Rp 1,000,521.84
2026-08-28T11:44:19+00:00 price=Rp 1,876,767.00 equity=Rp 1,000,521.84
2026-08-28T11:45:19+00:00 price=Rp 1,877,686.00 equity=Rp 1,000,521.84
2026-08-28T11:46:19+00:00 price=Rp 1,878,468.00 equity=Rp 1,000,521.84
2026-08-28T11:47:19+00:00 price=Rp 1,876,800.00 equity=Rp 1,000,521.84
2026-08-28T11:48:19+00:00 price=Rp 1,876,800.00 equity=Rp 1,000,521.84
2026-08-28T11:49:19+00:00 price=Rp 1,878,368.00 equity=Rp 1,000,521.84
2026-08-28T11:50:19+00:00 price=Rp 1,876,800.00 equity=Rp 1,000,521.84
2026-08-28T11:51:19+00:00 price=Rp 1,876,800.00 equity=Rp 1,000,521.84
2026-08-28T11:52:19+00:00 price=Rp 1,876,800.00 equity=Rp 1,000,521.84
2026-08-28T11:53:19+00:00 price=Rp 1,872,890.00 equity=Rp 1,000,521.84
2026-08-28T11:54:19+00:00 price=Rp 1,872,887.00 equity=Rp 1,000,521.84
2026-08-28T11:55:19+00:00 price=Rp 1,872,887.00 equity=Rp 1,000,521.84
2026-08-28T11:56:19+00:00 price=Rp 1,867,541.00 equity=Rp 1,000,521.84
2026-08-28T11:57:20+00:00 price=Rp 1,872,890.00 equity=Rp 1,000,521.84
2026-08-28T11:58:20+00:00 price=Rp 1,872,890.00 equity=Rp 1,000,521.84
2026-08-28T11:59:20+00:00 price=Rp 1,875,648.00 equity=Rp 1,000,521.84
2026-08-28T12:00:20+00:00 price=Rp 1,875,648.00 equity=Rp 1,000,521.84
2026-08-28T12:01:20+00:00 price=Rp 1,871,447.00 equity=Rp 1,000,521.84
2026-08-28T12:02:20+00:00 price=Rp 1,872,002.00 equity=Rp 1,000,521.84
2026-08-28T12:03:20+00:00 price=Rp 1,872,505.00 equity=Rp 1,000,521.84
2026-08-28T12:04:20+00:00 price=Rp 1,874,456.00 equity=Rp 1,000,521.84
2026-08-28T12:05:20+00:00 price=Rp 1,873,595.00 equity=Rp 1,000,521.84
2026-08-28T12:06:20+00:00 price=Rp 1,873,595.00 equity=Rp 1,000,521.84
2026-08-28T12:07:20+00:00 price=Rp 1,872,505.00 equity=Rp 1,000,521.84
2026-08-28T12:08:20+00:00 price=Rp 1,872,505.00 equity=Rp 1,000,521.84
2026-08-28T12:09:20+00:00 price=Rp 1,873,782.00 equity=Rp 1,000,521.84
2026-08-28T12:10:20+00:00 price=Rp 1,872,742.00 equity=Rp 1,000,521.84
2026-08-28T12:11:20+00:00 price=Rp 1,872,555.00 equity=Rp 1,000,521.84
2026-08-28T12:12:20+00:00 price=Rp 1,869,727.00 equity=Rp 1,000,521.84
2026-08-28T12:13:20+00:00 price=Rp 1,869,725.00 equity=Rp 1,000,521.84
2026-08-28T12:14:20+00:00 price=Rp 1,869,725.00 equity=Rp 1,000,521.84
2026-08-28T12:15:20+00:00 price=Rp 1,867,545.00 equity=Rp 1,000,521.84
2026-08-28T12:16:21+00:00 price=Rp 1,868,208.00 equity=Rp 1,000,521.84
2026-08-28T12:17:21+00:00 price=Rp 1,873,596.00 equity=Rp 1,000,521.84
2026-08-28T12:18:21+00:00 price=Rp 1,872,049.00 equity=Rp 1,000,521.84
2026-08-28T12:19:21+00:00 price=Rp 1,875,580.00 equity=Rp 1,000,521.84
2026-08-28T12:20:21+00:00 price=Rp 1,870,863.00 equity=Rp 1,000,521.84
2026-08-28T12:21:21+00:00 price=Rp 1,870,862.00 equity=Rp 1,000,521.84
2026-08-28T12:22:21+00:00 price=Rp 1,872,637.00 equity=Rp 1,000,521.84
2026-08-28T12:23:21+00:00 price=Rp 1,870,863.00 equity=Rp 1,000,521.84
2026-08-28T12:24:21+00:00 price=Rp 1,867,829.00 equity=Rp 1,000,521.84
2026-08-28T12:25:21+00:00 price=Rp 1,867,830.00 equity=Rp 1,000,521.84
2026-08-28T12:26:21+00:00 price=Rp 1,867,829.00 equity=Rp 1,000,521.84
2026-08-28T12:27:21+00:00 price=Rp 1,863,887.00 equity=Rp 1,000,521.84
2026-08-28T12:28:21+00:00 price=Rp 1,864,000.00 equity=Rp 1,000,521.84
2026-08-28T12:29:21+00:00 price=Rp 1,860,467.00 equity=Rp 1,000,521.84
2026-08-28T12:30:21+00:00 price=Rp 1,862,475.00 equity=Rp 1,000,521.84
2026-08-28T12:31:21+00:00 price=Rp 1,860,467.00 equity=Rp 1,000,521.84
2026-08-28T12:32:21+00:00 price=Rp 1,860,468.00 equity=Rp 1,000,521.84
2026-08-28T12:33:21+00:00 price=Rp 1,860,507.00 equity=Rp 1,000,521.84
2026-08-28T12:34:21+00:00 price=Rp 1,859,313.00 equity=Rp 1,000,521.84
2026-08-28T12:35:21+00:00 price=Rp 1,856,090.00 equity=Rp 1,000,521.84
2026-08-28T12:36:21+00:00 price=Rp 1,859,168.00 equity=Rp 1,000,521.84
2026-08-28T12:37:21+00:00 price=Rp 1,857,000.00 equity=Rp 1,000,521.84
2026-08-28T12:38:22+00:00 price=Rp 1,859,027.00 equity=Rp 1,000,521.84
2026-08-28T12:39:22+00:00 price=Rp 1,860,375.00 equity=Rp 1,000,521.84
2026-08-28T12:40:22+00:00 price=Rp 1,861,454.00 equity=Rp 1,000,521.84
2026-08-28T12:41:22+00:00 price=Rp 1,861,454.00 equity=Rp 1,000,521.84
2026-08-28T12:42:22+00:00 price=Rp 1,857,003.00 equity=Rp 1,000,521.84
2026-08-28T12:43:22+00:00 price=Rp 1,854,111.00 equity=Rp 1,000,521.84
2026-08-28T12:44:22+00:00 price=Rp 1,856,913.00 equity=Rp 1,000,521.84
2026-08-28T12:45:22+00:00 price=Rp 1,859,988.00 equity=Rp 1,000,521.84
2026-08-28T12:46:22+00:00 price=Rp 1,864,382.00 equity=Rp 1,000,521.84
2026-08-28T12:47:22+00:00 price=Rp 1,863,182.00 equity=Rp 1,000,521.84
2026-08-28T12:48:22+00:00 price=Rp 1,861,232.00 equity=Rp 1,000,521.84
2026-08-28T12:49:22+00:00 price=Rp 1,860,717.00 equity=Rp 1,000,521.84
2026-08-28T12:50:22+00:00 price=Rp 1,854,393.00 equity=Rp 1,000,521.84
2026-08-28T12:51:22+00:00 price=Rp 1,856,127.00 equity=Rp 1,000,521.84
2026-08-28T12:52:22+00:00 price=Rp 1,855,767.00 equity=Rp 1,000,521.84
2026-08-28T12:53:22+00:00 price=Rp 1,855,767.00 equity=Rp 1,000,521.84
2026-08-28T12:54:22+00:00 price=Rp 1,855,767.00 equity=Rp 1,000,521.84
2026-08-28T12:55:22+00:00 price=Rp 1,855,466.00 equity=Rp 1,000,521.84
2026-08-28T12:56:22+00:00 price=Rp 1,855,767.00 equity=Rp 1,000,521.84
2026-08-28T12:57:22+00:00 price=Rp 1,855,767.00 equity=Rp 1,000,521.84
2026-08-28T12:58:22+00:00 price=Rp 1,860,524.00 equity=Rp 1,000,521.84
2026-08-28T12:59:23+00:00 price=Rp 1,858,958.00 equity=Rp 1,000,521.84
2026-08-28T13:00:23+00:00 price=Rp 1,858,958.00 equity=Rp 1,000,521.84
2026-08-28T13:01:23+00:00 price=Rp 1,855,610.00 equity=Rp 1,000,521.84
2026-08-28T13:02:23+00:00 price=Rp 1,855,610.00 equity=Rp 1,000,521.84
2026-08-28T13:03:23+00:00 price=Rp 1,855,610.00 equity=Rp 1,000,521.84
2026-08-28T13:04:23+00:00 price=Rp 1,857,438.00 equity=Rp 1,000,521.84
2026-08-28T13:05:23+00:00 price=Rp 1,858,982.00 equity=Rp 1,000,521.84
2026-08-28T13:06:23+00:00 price=Rp 1,858,982.00 equity=Rp 1,000,521.84
2026-08-28T13:07:23+00:00 price=Rp 1,857,902.00 equity=Rp 1,000,521.84
2026-08-28T13:08:23+00:00 price=Rp 1,858,959.00 equity=Rp 1,000,521.84
2026-08-28T13:09:23+00:00 price=Rp 1,857,092.00 equity=Rp 1,000,521.84
2026-08-28T13:10:23+00:00 price=Rp 1,859,087.00 equity=Rp 1,000,521.84
2026-08-28T13:11:23+00:00 BUY executed (sma_crossover): {'time': '2026-08-28T13:11:23+00:00', 'mode': 'paper', 'side': 'buy', 'reason': 'sma_crossover', 'price': 1859087.0, 'amount': 200104.36853893663, 'asset_after': 0.10731292049985817, 'cash_after': 800417.4741557465}
2026-08-28T13:11:23+00:00 price=Rp 1,859,087.00 equity=Rp 999,921.53
2026-08-28T13:12:23+00:00 price=Rp 1,859,087.00 equity=Rp 999,921.53
2026-08-28T13:13:23+00:00 price=Rp 1,859,086.00 equity=Rp 999,921.42
2026-08-28T13:14:23+00:00 price=Rp 1,859,086.00 equity=Rp 999,921.42
2026-08-28T13:15:23+00:00 price=Rp 1,858,088.00 equity=Rp 999,814.32
2026-08-28T13:16:23+00:00 price=Rp 1,855,630.00 equity=Rp 999,550.55
2026-08-28T13:17:23+00:00 price=Rp 1,855,379.00 equity=Rp 999,523.61
2026-08-28T13:18:23+00:00 price=Rp 1,856,390.00 equity=Rp 999,632.11
2026-08-28T13:19:23+00:00 price=Rp 1,857,847.00 equity=Rp 999,788.46
2026-08-28T13:20:23+00:00 price=Rp 1,857,847.00 equity=Rp 999,788.46
2026-08-28T13:21:24+00:00 price=Rp 1,857,224.00 equity=Rp 999,721.61
2026-08-28T13:22:24+00:00 SELL executed (sma_crossover): {'time': '2026-08-28T13:22:24+00:00', 'mode': 'paper', 'side': 'sell', 'reason': 'sma_crossover', 'price': 1857847.0, 'amount': 0.10731292049985817, 'asset_after': 0.0, 'cash_after': 999190.3486054109}
2026-08-28T13:22:24+00:00 price=Rp 1,857,847.00 equity=Rp 999,190.35
2026-08-28T13:23:24+00:00 price=Rp 1,857,226.00 equity=Rp 999,190.35
2026-08-28T13:24:24+00:00 price=Rp 1,857,847.00 equity=Rp 999,190.35
2026-08-28T13:25:24+00:00 price=Rp 1,858,086.00 equity=Rp 999,190.35
2026-08-28T13:26:24+00:00 price=Rp 1,858,088.00 equity=Rp 999,190.35
2026-08-28T13:27:24+00:00 price=Rp 1,858,088.00 equity=Rp 999,190.35
2026-08-28T13:28:24+00:00 BUY executed (sma_crossover): {'time': '2026-08-28T13:28:24+00:00', 'mode': 'paper', 'side': 'buy', 'reason': 'sma_crossover', 'price': 1858089.0, 'amount': 199838.0697210822, 'asset_after': 0.10722767074769773, 'cash_after': 799352.2788843287}
2026-08-28T13:28:24+00:00 price=Rp 1,858,089.00 equity=Rp 998,590.83
2026-08-28T13:29:24+00:00 price=Rp 1,858,089.00 equity=Rp 998,590.83
2026-08-28T13:30:24+00:00 price=Rp 1,858,089.00 equity=Rp 998,590.83
2026-08-28T13:31:24+00:00 price=Rp 1,861,055.00 equity=Rp 998,908.87
2026-08-28T13:32:24+00:00 price=Rp 1,859,133.00 equity=Rp 998,702.78
2026-08-28T13:33:24+00:00 price=Rp 1,859,133.00 equity=Rp 998,702.78
2026-08-28T13:34:24+00:00 price=Rp 1,862,001.00 equity=Rp 999,010.31
2026-08-28T13:35:24+00:00 price=Rp 1,862,080.00 equity=Rp 999,018.78
2026-08-28T13:36:24+00:00 price=Rp 1,859,133.00 equity=Rp 998,702.78
2026-08-28T13:37:24+00:00 price=Rp 1,858,089.00 equity=Rp 998,590.83
2026-08-28T13:38:24+00:00 price=Rp 1,855,000.00 equity=Rp 998,259.61
2026-08-28T13:39:24+00:00 price=Rp 1,858,085.00 equity=Rp 998,590.41
2026-08-28T13:40:24+00:00 price=Rp 1,855,941.00 equity=Rp 998,360.51
2026-08-28T13:41:24+00:00 price=Rp 1,858,735.00 equity=Rp 998,660.10
2026-08-28T13:42:24+00:00 price=Rp 1,855,942.00 equity=Rp 998,360.62
2026-08-28T13:43:25+00:00 price=Rp 1,857,107.00 equity=Rp 998,485.54
2026-08-28T13:44:25+00:00 SELL executed (sma_crossover): {'time': '2026-08-28T13:44:25+00:00', 'mode': 'paper', 'side': 'sell', 'reason': 'sma_crossover', 'price': 1857763.0, 'amount': 0.10722767074769773, 'asset_after': 0.0, 'cash_after': 997958.2673777101}
2026-08-28T13:44:25+00:00 price=Rp 1,857,763.00 equity=Rp 997,958.27
2026-08-28T13:45:25+00:00 price=Rp 1,856,862.00 equity=Rp 997,958.27
2026-08-28T13:46:25+00:00 price=Rp 1,855,622.00 equity=Rp 997,958.27
2026-08-28T13:47:25+00:00 price=Rp 1,860,609.00 equity=Rp 997,958.27
2026-08-28T13:48:25+00:00 price=Rp 1,860,306.00 equity=Rp 997,958.27
2026-08-28T13:49:25+00:00 price=Rp 1,860,304.00 equity=Rp 997,958.27
2026-08-28T13:50:25+00:00 price=Rp 1,860,304.00 equity=Rp 997,958.27
2026-08-28T13:51:25+00:00 BUY executed (sma_crossover): {'time': '2026-08-28T13:51:25+00:00', 'mode': 'paper', 'side': 'buy', 'reason': 'sma_crossover', 'price': 1860302.0, 'amount': 199591.65347554203, 'asset_after': 0.10696805062571314, 'cash_after': 798366.6139021681}
2026-08-28T13:51:25+00:00 price=Rp 1,860,302.00 equity=Rp 997,359.49
2026-08-28T13:52:25+00:00 price=Rp 1,856,187.00 equity=Rp 996,919.32
2026-08-28T13:53:25+00:00 price=Rp 1,859,553.00 equity=Rp 997,279.37
2026-08-28T13:54:25+00:00 price=Rp 1,860,304.00 equity=Rp 997,359.71
2026-08-28T13:55:25+00:00 price=Rp 1,865,263.00 equity=Rp 997,890.16
2026-08-28T13:56:25+00:00 price=Rp 1,867,749.00 equity=Rp 998,156.08
2026-08-28T13:57:25+00:00 price=Rp 1,868,041.00 equity=Rp 998,187.32
2026-08-28T13:58:25+00:00 price=Rp 1,866,826.00 equity=Rp 998,057.35
2026-08-28T13:59:25+00:00 price=Rp 1,866,824.00 equity=Rp 998,057.14
2026-08-28T14:00:25+00:00 price=Rp 1,873,106.00 equity=Rp 998,729.11
2026-08-28T14:01:25+00:00 price=Rp 1,866,000.00 equity=Rp 997,969.00
2026-08-28T14:02:25+00:00 price=Rp 1,850,555.00 equity=Rp 996,316.87
2026-08-28T14:03:26+00:00 price=Rp 1,847,000.00 equity=Rp 995,936.60
2026-08-28T14:04:26+00:00 price=Rp 1,845,000.00 equity=Rp 995,722.67
2026-08-28T14:05:26+00:00 price=Rp 1,844,112.00 equity=Rp 995,627.68
2026-08-28T14:06:26+00:00 SELL executed (sma_crossover): {'time': '2026-08-28T14:06:26+00:00', 'mode': 'paper', 'side': 'sell', 'reason': 'sma_crossover', 'price': 1844000.0, 'amount': 0.10696805062571314, 'asset_after': 0.0, 'cash_after': 995023.9519999217}
2026-08-28T14:06:26+00:00 price=Rp 1,844,000.00 equity=Rp 995,023.95
Re-screen selected ETHIDR: score=1.42
2026-08-28T14:07:26+00:00 price=Rp 44,000,000.00 equity=Rp 995,023.95
2026-08-28T14:08:26+00:00 price=Rp 44,039,000.00 equity=Rp 995,023.95
2026-08-28T14:09:26+00:00 price=Rp 44,020,000.00 equity=Rp 995,023.95
2026-08-28T14:10:26+00:00 price=Rp 44,052,000.00 equity=Rp 995,023.95
2026-08-28T14:11:26+00:00 price=Rp 44,038,000.00 equity=Rp 995,023.95
2026-08-28T14:12:26+00:00 price=Rp 43,936,000.00 equity=Rp 995,023.95
2026-08-28T14:13:26+00:00 price=Rp 43,800,000.00 equity=Rp 995,023.95
2026-08-28T14:14:26+00:00 price=Rp 43,801,000.00 equity=Rp 995,023.95
2026-08-28T14:15:26+00:00 price=Rp 43,878,000.00 equity=Rp 995,023.95
2026-08-28T14:16:26+00:00 price=Rp 43,840,000.00 equity=Rp 995,023.95
2026-08-28T14:17:26+00:00 price=Rp 43,891,000.00 equity=Rp 995,023.95
2026-08-28T14:18:26+00:00 price=Rp 43,899,000.00 equity=Rp 995,023.95
2026-08-28T14:19:26+00:00 price=Rp 44,025,000.00 equity=Rp 995,023.95
2026-08-28T14:20:26+00:00 price=Rp 43,995,000.00 equity=Rp 995,023.95
2026-08-28T14:21:26+00:00 price=Rp 44,027,000.00 equity=Rp 995,023.95
2026-08-28T14:22:27+00:00 price=Rp 44,026,000.00 equity=Rp 995,023.95
2026-08-28T14:23:27+00:00 price=Rp 44,027,000.00 equity=Rp 995,023.95
2026-08-28T14:24:27+00:00 price=Rp 44,027,000.00 equity=Rp 995,023.95
2026-08-28T14:25:27+00:00 price=Rp 44,027,000.00 equity=Rp 995,023.95
2026-08-28T14:26:27+00:00 price=Rp 44,073,000.00 equity=Rp 995,023.95
2026-08-28T14:27:27+00:00 price=Rp 44,040,000.00 equity=Rp 995,023.95
2026-08-28T14:28:27+00:00 price=Rp 44,040,000.00 equity=Rp 995,023.95
2026-08-28T14:29:27+00:00 price=Rp 44,028,000.00 equity=Rp 995,023.95
2026-08-28T14:30:27+00:00 price=Rp 44,075,000.00 equity=Rp 995,023.95
2026-08-28T14:31:27+00:00 BUY executed (sma_crossover): {'time': '2026-08-28T14:31:27+00:00', 'mode': 'paper', 'side': 'buy', 'reason': 'sma_crossover', 'price': 44082000.0, 'amount': 199004.79039998434, 'asset_after': 0.0045008796340634365, 'cash_after': 796019.1615999374}
2026-08-28T14:31:27+00:00 price=Rp 44,082,000.00 equity=Rp 994,426.94
2026-08-28T14:32:27+00:00 price=Rp 44,146,000.00 equity=Rp 994,714.99
2026-08-28T14:33:27+00:00 price=Rp 44,146,000.00 equity=Rp 994,714.99
2026-08-28T14:34:27+00:00 price=Rp 44,216,000.00 equity=Rp 995,030.06
2026-08-28T14:35:27+00:00 price=Rp 44,372,000.00 equity=Rp 995,732.19
2026-08-28T14:36:27+00:00 price=Rp 44,369,000.00 equity=Rp 995,718.69
2026-08-28T14:37:27+00:00 price=Rp 44,400,000.00 equity=Rp 995,858.22
2026-08-28T14:38:27+00:00 price=Rp 44,707,000.00 equity=Rp 997,239.99
2026-08-28T14:39:28+00:00 price=Rp 44,594,000.00 equity=Rp 996,731.39
2026-08-28T14:40:28+00:00 price=Rp 44,595,000.00 equity=Rp 996,735.89
2026-08-28T14:41:28+00:00 price=Rp 44,595,000.00 equity=Rp 996,735.89
2026-08-28T14:42:28+00:00 price=Rp 44,545,000.00 equity=Rp 996,510.84
2026-08-28T14:43:28+00:00 price=Rp 44,545,000.00 equity=Rp 996,510.84
2026-08-28T14:44:28+00:00 price=Rp 44,501,000.00 equity=Rp 996,312.81
2026-08-28T14:45:28+00:00 price=Rp 44,501,000.00 equity=Rp 996,312.81
2026-08-28T14:46:28+00:00 price=Rp 44,501,000.00 equity=Rp 996,312.81
2026-08-28T14:47:28+00:00 price=Rp 44,357,000.00 equity=Rp 995,664.68
2026-08-28T14:48:28+00:00 price=Rp 44,357,000.00 equity=Rp 995,664.68
2026-08-28T14:49:28+00:00 price=Rp 44,338,000.00 equity=Rp 995,579.16
2026-08-28T14:50:28+00:00 price=Rp 44,296,000.00 equity=Rp 995,390.13
2026-08-28T14:51:28+00:00 price=Rp 44,296,000.00 equity=Rp 995,390.13
2026-08-28T14:52:28+00:00 price=Rp 44,337,000.00 equity=Rp 995,574.66
2026-08-28T14:53:28+00:00 price=Rp 44,431,000.00 equity=Rp 995,997.74
2026-08-28T14:54:28+00:00 price=Rp 44,410,000.00 equity=Rp 995,903.23
2026-08-28T14:55:28+00:00 price=Rp 44,410,000.00 equity=Rp 995,903.23
2026-08-28T14:56:28+00:00 price=Rp 44,561,000.00 equity=Rp 996,582.86
2026-08-28T14:57:28+00:00 price=Rp 44,560,000.00 equity=Rp 996,578.36
2026-08-28T14:58:28+00:00 price=Rp 44,561,000.00 equity=Rp 996,582.86
2026-08-28T14:59:29+00:00 price=Rp 44,561,000.00 equity=Rp 996,582.86
2026-08-28T15:00:29+00:00 price=Rp 44,561,000.00 equity=Rp 996,582.86
2026-08-28T15:01:29+00:00 price=Rp 44,597,000.00 equity=Rp 996,744.89
2026-08-28T15:02:29+00:00 price=Rp 44,529,000.00 equity=Rp 996,438.83
2026-08-28T15:03:29+00:00 price=Rp 44,465,000.00 equity=Rp 996,150.77
2026-08-28T15:04:29+00:00 price=Rp 44,457,000.00 equity=Rp 996,114.77
2026-08-28T15:05:29+00:00 price=Rp 44,479,000.00 equity=Rp 996,213.79
2026-08-28T15:06:29+00:00 price=Rp 44,466,000.00 equity=Rp 996,155.28
2026-08-28T15:07:29+00:00 price=Rp 44,453,000.00 equity=Rp 996,096.76
2026-08-28T15:08:29+00:00 price=Rp 44,453,000.00 equity=Rp 996,096.76
2026-08-28T15:09:29+00:00 price=Rp 44,364,000.00 equity=Rp 995,696.19
2026-08-28T15:10:29+00:00 price=Rp 44,364,000.00 equity=Rp 995,696.19
2026-08-28T15:11:29+00:00 SELL executed (sma_crossover): {'time': '2026-08-28T15:11:29+00:00', 'mode': 'paper', 'side': 'sell', 'reason': 'sma_crossover', 'price': 44364000.0, 'amount': 0.0045008796340634365, 'asset_after': 0.0, 'cash_after': 995097.1546132709}
2026-08-28T15:11:29+00:00 price=Rp 44,364,000.00 equity=Rp 995,097.15
2026-08-28T15:12:29+00:00 price=Rp 44,412,000.00 equity=Rp 995,097.15
2026-08-28T15:13:29+00:00 price=Rp 44,351,000.00 equity=Rp 995,097.15
2026-08-28T15:14:29+00:00 price=Rp 44,339,000.00 equity=Rp 995,097.15
2026-08-28T15:15:30+00:00 price=Rp 44,339,000.00 equity=Rp 995,097.15
2026-08-28T15:16:30+00:00 price=Rp 44,397,000.00 equity=Rp 995,097.15
2026-08-28T15:17:30+00:00 price=Rp 44,387,000.00 equity=Rp 995,097.15
2026-08-28T15:18:30+00:00 price=Rp 44,387,000.00 equity=Rp 995,097.15
2026-08-28T15:19:30+00:00 price=Rp 44,375,000.00 equity=Rp 995,097.15
2026-08-28T15:20:30+00:00 price=Rp 44,375,000.00 equity=Rp 995,097.15
2026-08-28T15:21:30+00:00 price=Rp 44,386,000.00 equity=Rp 995,097.15
2026-08-28T15:22:30+00:00 price=Rp 44,387,000.00 equity=Rp 995,097.15
2026-08-28T15:23:30+00:00 price=Rp 44,387,000.00 equity=Rp 995,097.15
2026-08-28T15:24:30+00:00 price=Rp 44,387,000.00 equity=Rp 995,097.15
2026-08-28T15:25:30+00:00 price=Rp 44,387,000.00 equity=Rp 995,097.15
2026-08-28T15:26:30+00:00 price=Rp 44,386,000.00 equity=Rp 995,097.15
2026-08-28T15:27:30+00:00 price=Rp 44,386,000.00 equity=Rp 995,097.15
2026-08-28T15:28:30+00:00 price=Rp 44,386,000.00 equity=Rp 995,097.15
2026-08-28T15:29:30+00:00 price=Rp 44,368,000.00 equity=Rp 995,097.15
2026-08-28T15:30:30+00:00 price=Rp 44,368,000.00 equity=Rp 995,097.15
2026-08-28T15:31:30+00:00 price=Rp 44,368,000.00 equity=Rp 995,097.15
2026-08-28T15:32:30+00:00 price=Rp 44,368,000.00 equity=Rp 995,097.15
2026-08-28T15:33:30+00:00 price=Rp 44,368,000.00 equity=Rp 995,097.15
2026-08-28T15:34:31+00:00 price=Rp 44,368,000.00 equity=Rp 995,097.15
2026-08-28T15:35:31+00:00 price=Rp 44,368,000.00 equity=Rp 995,097.15
2026-08-28T15:36:31+00:00 price=Rp 44,340,000.00 equity=Rp 995,097.15
2026-08-28T15:37:31+00:00 price=Rp 44,366,000.00 equity=Rp 995,097.15
2026-08-28T15:38:31+00:00 price=Rp 44,340,000.00 equity=Rp 995,097.15
2026-08-28T15:39:31+00:00 price=Rp 44,340,000.00 equity=Rp 995,097.15
2026-08-28T15:40:31+00:00 price=Rp 44,340,000.00 equity=Rp 995,097.15
2026-08-28T15:41:31+00:00 price=Rp 44,268,000.00 equity=Rp 995,097.15
2026-08-28T15:42:31+00:00 price=Rp 44,146,000.00 equity=Rp 995,097.15
2026-08-28T15:43:31+00:00 price=Rp 44,085,000.00 equity=Rp 995,097.15
2026-08-28T15:44:31+00:00 price=Rp 44,065,000.00 equity=Rp 995,097.15
2026-08-28T15:45:31+00:00 price=Rp 44,082,000.00 equity=Rp 995,097.15
2026-08-28T15:46:31+00:00 price=Rp 44,082,000.00 equity=Rp 995,097.15
2026-08-28T15:47:31+00:00 price=Rp 44,129,000.00 equity=Rp 995,097.15
2026-08-28T15:48:31+00:00 price=Rp 44,096,000.00 equity=Rp 995,097.15
2026-08-28T15:49:31+00:00 price=Rp 44,061,000.00 equity=Rp 995,097.15
2026-08-28T15:50:31+00:00 price=Rp 44,004,000.00 equity=Rp 995,097.15
2026-08-28T15:51:31+00:00 price=Rp 44,039,000.00 equity=Rp 995,097.15
2026-08-28T15:52:32+00:00 price=Rp 43,900,000.00 equity=Rp 995,097.15
2026-08-28T15:53:32+00:00 price=Rp 43,900,000.00 equity=Rp 995,097.15
2026-08-28T15:54:32+00:00 price=Rp 43,914,000.00 equity=Rp 995,097.15
2026-08-28T15:55:32+00:00 price=Rp 43,906,000.00 equity=Rp 995,097.15
2026-08-28T15:56:32+00:00 price=Rp 43,919,000.00 equity=Rp 995,097.15
2026-08-28T15:57:32+00:00 price=Rp 43,953,000.00 equity=Rp 995,097.15
2026-08-28T15:58:32+00:00 price=Rp 43,906,000.00 equity=Rp 995,097.15
2026-08-28T15:59:32+00:00 price=Rp 43,850,000.00 equity=Rp 995,097.15
2026-08-28T16:00:32+00:00 price=Rp 43,801,000.00 equity=Rp 995,097.15
2026-08-28T16:01:32+00:00 price=Rp 43,597,000.00 equity=Rp 995,097.15
2026-08-28T16:02:32+00:00 price=Rp 43,596,000.00 equity=Rp 995,097.15
2026-08-28T16:03:32+00:00 price=Rp 43,490,000.00 equity=Rp 995,097.15
2026-08-28T16:04:32+00:00 price=Rp 43,500,000.00 equity=Rp 995,097.15
2026-08-28T16:05:32+00:00 price=Rp 43,500,000.00 equity=Rp 995,097.15
2026-08-28T16:06:32+00:00 price=Rp 43,640,000.00 equity=Rp 995,097.15
2026-08-28T16:07:32+00:00 price=Rp 43,665,000.00 equity=Rp 995,097.15
2026-08-28T16:08:32+00:00 price=Rp 43,618,000.00 equity=Rp 995,097.15
2026-08-28T16:09:32+00:00 price=Rp 43,586,000.00 equity=Rp 995,097.15
2026-08-28T16:10:33+00:00 price=Rp 43,586,000.00 equity=Rp 995,097.15
2026-08-28T16:11:33+00:00 price=Rp 43,501,000.00 equity=Rp 995,097.15
2026-08-28T16:12:33+00:00 price=Rp 43,340,000.00 equity=Rp 995,097.15
2026-08-28T16:13:33+00:00 price=Rp 43,396,000.00 equity=Rp 995,097.15
2026-08-28T16:14:33+00:00 price=Rp 43,377,000.00 equity=Rp 995,097.15
2026-08-28T16:15:33+00:00 price=Rp 43,376,000.00 equity=Rp 995,097.15
2026-08-28T16:16:33+00:00 price=Rp 43,376,000.00 equity=Rp 995,097.15
2026-08-28T16:17:33+00:00 price=Rp 43,300,000.00 equity=Rp 995,097.15
2026-08-28T16:18:33+00:00 price=Rp 43,383,000.00 equity=Rp 995,097.15
2026-08-28T16:19:33+00:00 price=Rp 43,300,000.00 equity=Rp 995,097.15
2026-08-28T16:20:33+00:00 price=Rp 43,300,000.00 equity=Rp 995,097.15
2026-08-28T16:21:33+00:00 price=Rp 43,295,000.00 equity=Rp 995,097.15
2026-08-28T16:22:33+00:00 price=Rp 43,294,000.00 equity=Rp 995,097.15
2026-08-28T16:23:33+00:00 price=Rp 43,200,000.00 equity=Rp 995,097.15
2026-08-28T16:24:33+00:00 price=Rp 43,091,000.00 equity=Rp 995,097.15
2026-08-28T16:25:33+00:00 price=Rp 42,803,000.00 equity=Rp 995,097.15
2026-08-28T16:26:33+00:00 price=Rp 42,800,000.00 equity=Rp 995,097.15
2026-08-28T16:27:33+00:00 price=Rp 42,885,000.00 equity=Rp 995,097.15
2026-08-28T16:28:33+00:00 price=Rp 43,105,000.00 equity=Rp 995,097.15
2026-08-28T16:29:33+00:00 price=Rp 43,152,000.00 equity=Rp 995,097.15
2026-08-28T16:30:34+00:00 price=Rp 43,133,000.00 equity=Rp 995,097.15
2026-08-28T16:31:34+00:00 price=Rp 43,199,000.00 equity=Rp 995,097.15
2026-08-28T16:32:34+00:00 price=Rp 43,195,000.00 equity=Rp 995,097.15
2026-08-28T16:33:34+00:00 price=Rp 43,247,000.00 equity=Rp 995,097.15
2026-08-28T16:34:34+00:00 price=Rp 43,286,000.00 equity=Rp 995,097.15
2026-08-28T16:35:34+00:00 price=Rp 43,223,000.00 equity=Rp 995,097.15
2026-08-28T16:36:34+00:00 price=Rp 43,222,000.00 equity=Rp 995,097.15
2026-08-28T16:37:34+00:00 price=Rp 43,221,000.00 equity=Rp 995,097.15
2026-08-28T16:38:34+00:00 price=Rp 43,226,000.00 equity=Rp 995,097.15
2026-08-28T16:39:34+00:00 price=Rp 43,248,000.00 equity=Rp 995,097.15
2026-08-28T16:40:34+00:00 BUY executed (sma_crossover): {'time': '2026-08-28T16:40:34+00:00', 'mode': 'paper', 'side': 'buy', 'reason': 'sma_crossover', 'price': 43258000.0, 'amount': 199019.4309226542, 'asset_after': 0.0045869520696723435, 'cash_after': 796077.7236906167}
2026-08-28T16:40:34+00:00 price=Rp 43,258,000.00 equity=Rp 994,500.10
2026-08-28T16:41:34+00:00 price=Rp 43,293,000.00 equity=Rp 994,660.64
2026-08-28T16:42:34+00:00 price=Rp 43,293,000.00 equity=Rp 994,660.64
2026-08-28T16:43:34+00:00 price=Rp 43,250,000.00 equity=Rp 994,463.40
2026-08-28T16:44:34+00:00 price=Rp 43,277,000.00 equity=Rp 994,587.25
2026-08-28T16:45:34+00:00 price=Rp 43,277,000.00 equity=Rp 994,587.25
2026-08-28T16:46:34+00:00 price=Rp 43,275,000.00 equity=Rp 994,578.07
2026-08-28T16:47:34+00:00 price=Rp 43,275,000.00 equity=Rp 994,578.07
2026-08-28T16:48:34+00:00 price=Rp 43,275,000.00 equity=Rp 994,578.07
2026-08-28T16:49:34+00:00 price=Rp 43,274,000.00 equity=Rp 994,573.49
2026-08-28T16:50:35+00:00 price=Rp 43,251,000.00 equity=Rp 994,467.99
2026-08-28T16:51:35+00:00 price=Rp 43,252,000.00 equity=Rp 994,472.57
2026-08-28T16:52:35+00:00 price=Rp 43,251,000.00 equity=Rp 994,467.99
2026-08-28T16:53:35+00:00 price=Rp 43,251,000.00 equity=Rp 994,467.99
2026-08-28T16:54:35+00:00 price=Rp 43,260,000.00 equity=Rp 994,509.27
2026-08-28T16:55:35+00:00 price=Rp 43,253,000.00 equity=Rp 994,477.16
2026-08-28T16:56:35+00:00 price=Rp 43,274,000.00 equity=Rp 994,573.49
2026-08-28T16:57:35+00:00 price=Rp 43,334,000.00 equity=Rp 994,848.70
2026-08-28T16:58:35+00:00 price=Rp 43,334,000.00 equity=Rp 994,848.70
2026-08-28T16:59:35+00:00 price=Rp 43,303,000.00 equity=Rp 994,706.51
2026-08-28T17:00:35+00:00 price=Rp 43,315,000.00 equity=Rp 994,761.55
2026-08-28T17:01:35+00:00 price=Rp 43,250,000.00 equity=Rp 994,463.40
2026-08-28T17:02:35+00:00 price=Rp 43,251,000.00 equity=Rp 994,467.99
2026-08-28T17:03:35+00:00 price=Rp 43,278,000.00 equity=Rp 994,591.84
2026-08-28T17:04:35+00:00 price=Rp 43,277,000.00 equity=Rp 994,587.25
2026-08-28T17:05:35+00:00 price=Rp 43,251,000.00 equity=Rp 994,467.99
2026-08-28T17:06:35+00:00 price=Rp 43,253,000.00 equity=Rp 994,477.16
2026-08-28T17:07:35+00:00 price=Rp 43,250,000.00 equity=Rp 994,463.40
2026-08-28T17:08:35+00:00 SELL executed (sma_crossover): {'time': '2026-08-28T17:08:35+00:00', 'mode': 'paper', 'side': 'sell', 'reason': 'sma_crossover', 'price': 43250000.0, 'amount': 0.0045869520696723435, 'asset_after': 0.0, 'cash_after': 993868.2436729055}
2026-08-28T17:08:35+00:00 price=Rp 43,250,000.00 equity=Rp 993,868.24
2026-08-28T17:09:36+00:00 price=Rp 43,280,000.00 equity=Rp 993,868.24
2026-08-28T17:10:36+00:00 price=Rp 43,280,000.00 equity=Rp 993,868.24
2026-08-28T17:11:36+00:00 price=Rp 43,252,000.00 equity=Rp 993,868.24
2026-08-28T17:12:36+00:00 price=Rp 43,254,000.00 equity=Rp 993,868.24
2026-08-28T17:13:36+00:00 price=Rp 43,254,000.00 equity=Rp 993,868.24
2026-08-28T17:14:36+00:00 price=Rp 43,254,000.00 equity=Rp 993,868.24
2026-08-28T17:15:36+00:00 price=Rp 43,262,000.00 equity=Rp 993,868.24
2026-08-28T17:16:36+00:00 price=Rp 43,300,000.00 equity=Rp 993,868.24
2026-08-28T17:17:36+00:00 price=Rp 43,315,000.00 equity=Rp 993,868.24
2026-08-28T17:18:36+00:00 BUY executed (sma_crossover): {'time': '2026-08-28T17:18:36+00:00', 'mode': 'paper', 'side': 'buy', 'reason': 'sma_crossover', 'price': 43315000.0, 'amount': 198773.6487345811, 'asset_after': 0.004575258635308261, 'cash_after': 795094.5949383244}
2026-08-28T17:18:36+00:00 price=Rp 43,315,000.00 equity=Rp 993,271.92
2026-08-28T17:19:36+00:00 price=Rp 43,314,000.00 equity=Rp 993,267.35
2026-08-28T17:20:36+00:00 price=Rp 43,348,000.00 equity=Rp 993,422.91
2026-08-28T17:21:36+00:00 price=Rp 43,348,000.00 equity=Rp 993,422.91
2026-08-28T17:22:36+00:00 price=Rp 43,324,000.00 equity=Rp 993,313.10
2026-08-28T17:23:36+00:00 price=Rp 43,324,000.00 equity=Rp 993,313.10
2026-08-28T17:24:36+00:00 price=Rp 43,324,000.00 equity=Rp 993,313.10
2026-08-28T17:25:36+00:00 price=Rp 43,314,000.00 equity=Rp 993,267.35
2026-08-28T17:26:36+00:00 price=Rp 43,249,000.00 equity=Rp 992,969.96
2026-08-28T17:27:36+00:00 price=Rp 43,261,000.00 equity=Rp 993,024.86
2026-08-28T17:28:36+00:00 price=Rp 43,261,000.00 equity=Rp 993,024.86
2026-08-28T17:29:36+00:00 price=Rp 43,270,000.00 equity=Rp 993,066.04
2026-08-28T17:30:37+00:00 price=Rp 43,270,000.00 equity=Rp 993,066.04
2026-08-28T17:31:37+00:00 price=Rp 43,270,000.00 equity=Rp 993,066.04
2026-08-28T17:32:37+00:00 SELL executed (sma_crossover): {'time': '2026-08-28T17:32:37+00:00', 'mode': 'paper', 'side': 'sell', 'reason': 'sma_crossover', 'price': 43270000.0, 'amount': 0.004575258635308261, 'asset_after': 0.0, 'cash_after': 992472.1217646635}
2026-08-28T17:32:37+00:00 price=Rp 43,270,000.00 equity=Rp 992,472.12
2026-08-28T17:33:37+00:00 price=Rp 43,354,000.00 equity=Rp 992,472.12
2026-08-28T17:34:37+00:00 price=Rp 43,354,000.00 equity=Rp 992,472.12
2026-08-28T17:35:37+00:00 price=Rp 43,299,000.00 equity=Rp 992,472.12
2026-08-28T17:36:37+00:00 price=Rp 43,261,000.00 equity=Rp 992,472.12
2026-08-28T17:37:37+00:00 price=Rp 43,228,000.00 equity=Rp 992,472.12
2026-08-28T17:38:37+00:00 price=Rp 43,235,000.00 equity=Rp 992,472.12
2026-08-28T17:39:37+00:00 price=Rp 43,228,000.00 equity=Rp 992,472.12
2026-08-28T17:40:37+00:00 price=Rp 43,228,000.00 equity=Rp 992,472.12
2026-08-28T17:41:37+00:00 price=Rp 43,228,000.00 equity=Rp 992,472.12
2026-08-28T17:42:37+00:00 price=Rp 43,223,000.00 equity=Rp 992,472.12
2026-08-28T17:43:37+00:00 price=Rp 43,223,000.00 equity=Rp 992,472.12
2026-08-28T17:44:37+00:00 price=Rp 43,240,000.00 equity=Rp 992,472.12
2026-08-28T17:45:37+00:00 price=Rp 43,240,000.00 equity=Rp 992,472.12
2026-08-28T17:46:37+00:00 price=Rp 43,240,000.00 equity=Rp 992,472.12
2026-08-28T17:47:37+00:00 price=Rp 43,308,000.00 equity=Rp 992,472.12
2026-08-28T17:48:37+00:00 price=Rp 43,353,000.00 equity=Rp 992,472.12
2026-08-28T17:49:37+00:00 price=Rp 43,301,000.00 equity=Rp 992,472.12
2026-08-28T17:50:37+00:00 price=Rp 43,343,000.00 equity=Rp 992,472.12
2026-08-28T17:51:37+00:00 BUY executed (sma_crossover): {'time': '2026-08-28T17:51:37+00:00', 'mode': 'paper', 'side': 'buy', 'reason': 'sma_crossover', 'price': 43343000.0, 'amount': 198494.42435293272, 'asset_after': 0.004565880097821422, 'cash_after': 793977.6974117308}
2026-08-28T17:51:37+00:00 price=Rp 43,343,000.00 equity=Rp 991,876.64
2026-08-28T17:52:37+00:00 price=Rp 43,344,000.00 equity=Rp 991,881.20
2026-08-28T17:53:38+00:00 price=Rp 43,344,000.00 equity=Rp 991,881.20
2026-08-28T17:54:38+00:00 price=Rp 43,314,000.00 equity=Rp 991,744.23
2026-08-28T17:55:38+00:00 price=Rp 43,330,000.00 equity=Rp 991,817.28
2026-08-28T17:56:38+00:00 price=Rp 43,330,000.00 equity=Rp 991,817.28
2026-08-28T17:57:38+00:00 price=Rp 43,334,000.00 equity=Rp 991,835.55
2026-08-28T17:58:38+00:00 price=Rp 43,334,000.00 equity=Rp 991,835.55
2026-08-28T17:59:38+00:00 price=Rp 43,334,000.00 equity=Rp 991,835.55
2026-08-28T18:00:38+00:00 price=Rp 43,335,000.00 equity=Rp 991,840.11
2026-08-28T18:01:38+00:00 price=Rp 43,349,000.00 equity=Rp 991,904.03
2026-08-28T18:02:38+00:00 price=Rp 43,335,000.00 equity=Rp 991,840.11
2026-08-28T18:03:38+00:00 price=Rp 43,335,000.00 equity=Rp 991,840.11
2026-08-28T18:04:38+00:00 price=Rp 43,335,000.00 equity=Rp 991,840.11
2026-08-28T18:05:38+00:00 price=Rp 43,335,000.00 equity=Rp 991,840.11
2026-08-28T18:06:38+00:00 price=Rp 43,335,000.00 equity=Rp 991,840.11
2026-08-28T18:07:38+00:00 price=Rp 43,314,000.00 equity=Rp 991,744.23
2026-08-28T18:08:38+00:00 price=Rp 43,314,000.00 equity=Rp 991,744.23
2026-08-28T18:09:38+00:00 price=Rp 43,314,000.00 equity=Rp 991,744.23
2026-08-28T18:10:38+00:00 price=Rp 43,314,000.00 equity=Rp 991,744.23
2026-08-28T18:11:38+00:00 price=Rp 43,314,000.00 equity=Rp 991,744.23
2026-08-28T18:12:39+00:00 price=Rp 43,314,000.00 equity=Rp 991,744.23
2026-08-28T18:13:39+00:00 SELL executed (sma_crossover): {'time': '2026-08-28T18:13:39+00:00', 'mode': 'paper', 'side': 'sell', 'reason': 'sma_crossover', 'price': 43246000.0, 'amount': 0.004565880097821422, 'asset_after': 0.0, 'cash_after': 990841.3799699849}
2026-08-28T18:13:39+00:00 price=Rp 43,246,000.00 equity=Rp 990,841.38
Re-screen selected BTCIDR: score=0.17
2026-08-28T18:14:39+00:00 price=Rp 1,380,706,000.00 equity=Rp 990,841.38
2026-08-28T18:15:39+00:00 price=Rp 1,380,705,000.00 equity=Rp 990,841.38
2026-08-28T18:16:39+00:00 price=Rp 1,380,451,000.00 equity=Rp 990,841.38
2026-08-28T18:17:39+00:00 price=Rp 1,380,451,000.00 equity=Rp 990,841.38
2026-08-28T18:18:39+00:00 price=Rp 1,380,127,000.00 equity=Rp 990,841.38
2026-08-28T18:19:39+00:00 price=Rp 1,380,126,000.00 equity=Rp 990,841.38
2026-08-28T18:20:39+00:00 price=Rp 1,380,000,000.00 equity=Rp 990,841.38
2026-08-28T18:21:39+00:00 price=Rp 1,377,000,000.00 equity=Rp 990,841.38
2026-08-28T18:22:39+00:00 price=Rp 1,376,328,000.00 equity=Rp 990,841.38
2026-08-28T18:23:39+00:00 price=Rp 1,375,780,000.00 equity=Rp 990,841.38
2026-08-28T18:24:39+00:00 price=Rp 1,375,802,000.00 equity=Rp 990,841.38
2026-08-28T18:25:39+00:00 price=Rp 1,375,001,000.00 equity=Rp 990,841.38
2026-08-28T18:26:39+00:00 price=Rp 1,376,327,000.00 equity=Rp 990,841.38
2026-08-28T18:27:39+00:00 price=Rp 1,375,740,000.00 equity=Rp 990,841.38
2026-08-28T18:28:39+00:00 price=Rp 1,376,326,000.00 equity=Rp 990,841.38
2026-08-28T18:29:39+00:00 price=Rp 1,376,325,000.00 equity=Rp 990,841.38
2026-08-28T18:30:39+00:00 price=Rp 1,376,322,000.00 equity=Rp 990,841.38
2026-08-28T18:31:39+00:00 price=Rp 1,375,832,000.00 equity=Rp 990,841.38
2026-08-28T18:32:39+00:00 price=Rp 1,375,000,000.00 equity=Rp 990,841.38
2026-08-28T18:33:39+00:00 price=Rp 1,375,001,000.00 equity=Rp 990,841.38
2026-08-28T18:34:39+00:00 price=Rp 1,375,001,000.00 equity=Rp 990,841.38
2026-08-28T18:35:39+00:00 price=Rp 1,375,722,000.00 equity=Rp 990,841.38
2026-08-28T18:36:40+00:00 price=Rp 1,375,000,000.00 equity=Rp 990,841.38
2026-08-28T18:37:40+00:00 price=Rp 1,375,000,000.00 equity=Rp 990,841.38
2026-08-28T18:38:40+00:00 price=Rp 1,374,097,000.00 equity=Rp 990,841.38
2026-08-28T18:39:40+00:00 price=Rp 1,373,592,000.00 equity=Rp 990,841.38
2026-08-28T18:40:40+00:00 price=Rp 1,374,703,000.00 equity=Rp 990,841.38
2026-08-28T18:41:40+00:00 price=Rp 1,373,220,000.00 equity=Rp 990,841.38
2026-08-28T18:42:40+00:00 price=Rp 1,373,996,000.00 equity=Rp 990,841.38
2026-08-28T18:43:40+00:00 price=Rp 1,373,221,000.00 equity=Rp 990,841.38
2026-08-28T18:44:40+00:00 price=Rp 1,373,958,000.00 equity=Rp 990,841.38
2026-08-28T18:45:40+00:00 price=Rp 1,372,676,000.00 equity=Rp 990,841.38
2026-08-28T18:46:40+00:00 price=Rp 1,373,220,000.00 equity=Rp 990,841.38
2026-08-28T18:47:40+00:00 price=Rp 1,373,221,000.00 equity=Rp 990,841.38
2026-08-28T18:48:40+00:00 price=Rp 1,370,000,000.00 equity=Rp 990,841.38
2026-08-28T18:49:40+00:00 price=Rp 1,371,390,000.00 equity=Rp 990,841.38
2026-08-28T18:50:40+00:00 price=Rp 1,370,503,000.00 equity=Rp 990,841.38
2026-08-28T18:51:40+00:00 price=Rp 1,373,539,000.00 equity=Rp 990,841.38
2026-08-28T18:52:40+00:00 price=Rp 1,373,539,000.00 equity=Rp 990,841.38
2026-08-28T18:53:40+00:00 price=Rp 1,374,198,000.00 equity=Rp 990,841.38
2026-08-28T18:54:40+00:00 price=Rp 1,374,198,000.00 equity=Rp 990,841.38
2026-08-28T18:55:40+00:00 price=Rp 1,374,196,000.00 equity=Rp 990,841.38
2026-08-28T18:56:40+00:00 price=Rp 1,374,196,000.00 equity=Rp 990,841.38
2026-08-28T18:57:40+00:00 price=Rp 1,374,195,000.00 equity=Rp 990,841.38
2026-08-28T18:58:40+00:00 price=Rp 1,374,195,000.00 equity=Rp 990,841.38
2026-08-28T18:59:40+00:00 price=Rp 1,373,826,000.00 equity=Rp 990,841.38
2026-08-28T19:00:40+00:00 BUY executed (sma_crossover): {'time': '2026-08-28T19:00:40+00:00', 'mode': 'paper', 'side': 'buy', 'reason': 'sma_crossover', 'price': 1374195000.0, 'amount': 198168.275993997, 'asset_after': 0.00014377418864572713, 'cash_after': 792673.1039759879}
2026-08-28T19:00:40+00:00 price=Rp 1,374,195,000.00 equity=Rp 990,246.88
2026-08-28T19:01:40+00:00 price=Rp 1,374,194,000.00 equity=Rp 990,246.73
2026-08-28T19:02:40+00:00 price=Rp 1,377,476,000.00 equity=Rp 990,718.60
2026-08-28T19:03:40+00:00 price=Rp 1,376,827,000.00 equity=Rp 990,625.29
2026-08-28T19:04:40+00:00 price=Rp 1,375,766,000.00 equity=Rp 990,472.74
2026-08-28T19:05:40+00:00 price=Rp 1,374,391,000.00 equity=Rp 990,275.05
2026-08-28T19:06:41+00:00 price=Rp 1,374,952,000.00 equity=Rp 990,355.71
2026-08-28T19:07:41+00:00 price=Rp 1,375,104,000.00 equity=Rp 990,377.57
2026-08-28T19:08:41+00:00 price=Rp 1,375,057,000.00 equity=Rp 990,370.81
2026-08-28T19:09:41+00:00 price=Rp 1,375,391,000.00 equity=Rp 990,418.83
2026-08-28T19:10:41+00:00 price=Rp 1,375,390,000.00 equity=Rp 990,418.69
2026-08-28T19:11:41+00:00 price=Rp 1,379,114,000.00 equity=Rp 990,954.10
2026-08-28T19:12:41+00:00 price=Rp 1,379,113,000.00 equity=Rp 990,953.96
2026-08-28T19:13:41+00:00 price=Rp 1,378,453,000.00 equity=Rp 990,859.07
2026-08-28T19:14:41+00:00 price=Rp 1,377,677,000.00 equity=Rp 990,747.50
2026-08-28T19:15:41+00:00 price=Rp 1,376,639,000.00 equity=Rp 990,598.26
2026-08-28T19:16:41+00:00 price=Rp 1,376,444,000.00 equity=Rp 990,570.22
2026-08-28T19:17:41+00:00 price=Rp 1,375,919,000.00 equity=Rp 990,494.74
2026-08-28T19:18:41+00:00 price=Rp 1,376,343,000.00 equity=Rp 990,555.70
2026-08-28T19:19:41+00:00 price=Rp 1,376,344,000.00 equity=Rp 990,555.85
2026-08-28T19:20:41+00:00 price=Rp 1,376,344,000.00 equity=Rp 990,555.85
2026-08-28T19:21:41+00:00 price=Rp 1,378,242,000.00 equity=Rp 990,828.73
2026-08-28T19:22:41+00:00 price=Rp 1,378,244,000.00 equity=Rp 990,829.02
2026-08-28T19:23:41+00:00 price=Rp 1,378,244,000.00 equity=Rp 990,829.02
2026-08-28T19:24:41+00:00 price=Rp 1,378,244,000.00 equity=Rp 990,829.02
2026-08-28T19:25:41+00:00 price=Rp 1,378,243,000.00 equity=Rp 990,828.87
2026-08-28T19:26:41+00:00 price=Rp 1,378,224,000.00 equity=Rp 990,826.14
2026-08-28T19:27:41+00:00 price=Rp 1,379,050,000.00 equity=Rp 990,944.90
2026-08-28T19:28:41+00:00 price=Rp 1,379,051,000.00 equity=Rp 990,945.04
2026-08-28T19:29:41+00:00 price=Rp 1,377,484,000.00 equity=Rp 990,719.75
2026-08-28T19:30:41+00:00 price=Rp 1,378,150,000.00 equity=Rp 990,815.50
2026-08-28T19:31:41+00:00 price=Rp 1,378,150,000.00 equity=Rp 990,815.50
2026-08-28T19:32:41+00:00 price=Rp 1,378,150,000.00 equity=Rp 990,815.50
2026-08-28T19:33:41+00:00 price=Rp 1,378,150,000.00 equity=Rp 990,815.50
2026-08-28T19:34:41+00:00 price=Rp 1,378,150,000.00 equity=Rp 990,815.50
2026-08-28T19:35:41+00:00 price=Rp 1,378,149,000.00 equity=Rp 990,815.36
2026-08-28T19:36:42+00:00 price=Rp 1,378,137,000.00 equity=Rp 990,813.63
2026-08-28T19:37:42+00:00 price=Rp 1,378,135,000.00 equity=Rp 990,813.35
2026-08-28T19:38:42+00:00 price=Rp 1,378,137,000.00 equity=Rp 990,813.63
2026-08-28T19:39:42+00:00 price=Rp 1,377,484,000.00 equity=Rp 990,719.75
2026-08-28T19:40:42+00:00 price=Rp 1,377,564,000.00 equity=Rp 990,731.25
2026-08-28T19:41:43+00:00 price=Rp 1,377,740,000.00 equity=Rp 990,756.55
2026-08-28T19:42:43+00:00 price=Rp 1,377,485,000.00 equity=Rp 990,719.89
2026-08-28T19:43:43+00:00 price=Rp 1,377,485,000.00 equity=Rp 990,719.89
2026-08-28T19:44:43+00:00 price=Rp 1,377,484,000.00 equity=Rp 990,719.75
2026-08-28T19:45:43+00:00 SELL executed (sma_crossover): {'time': '2026-08-28T19:45:43+00:00', 'mode': 'paper', 'side': 'sell', 'reason': 'sma_crossover', 'price': 1377484000.0, 'amount': 0.00014377418864572713, 'asset_after': 0.0, 'cash_after': 990125.6085150413}
2026-08-28T19:45:43+00:00 price=Rp 1,377,484,000.00 equity=Rp 990,125.61
2026-08-28T19:46:43+00:00 price=Rp 1,375,917,000.00 equity=Rp 990,125.61
2026-08-28T19:47:43+00:00 price=Rp 1,375,000,000.00 equity=Rp 990,125.61
2026-08-28T19:48:43+00:00 price=Rp 1,375,001,000.00 equity=Rp 990,125.61
2026-08-28T19:49:43+00:00 price=Rp 1,375,001,000.00 equity=Rp 990,125.61
2026-08-28T19:50:43+00:00 price=Rp 1,375,001,000.00 equity=Rp 990,125.61
2026-08-28T19:51:43+00:00 price=Rp 1,375,000,000.00 equity=Rp 990,125.61
2026-08-28T19:52:43+00:00 price=Rp 1,375,001,000.00 equity=Rp 990,125.61
2026-08-28T19:53:43+00:00 price=Rp 1,375,000,000.00 equity=Rp 990,125.61
2026-08-28T19:54:43+00:00 price=Rp 1,372,004,000.00 equity=Rp 990,125.61
2026-08-28T19:55:43+00:00 price=Rp 1,374,356,000.00 equity=Rp 990,125.61
2026-08-28T19:56:43+00:00 price=Rp 1,374,356,000.00 equity=Rp 990,125.61
2026-08-28T19:57:43+00:00 price=Rp 1,374,358,000.00 equity=Rp 990,125.61
2026-08-28T19:58:43+00:00 price=Rp 1,374,997,000.00 equity=Rp 990,125.61
2026-08-28T19:59:43+00:00 price=Rp 1,374,602,000.00 equity=Rp 990,125.61
2026-08-28T20:00:43+00:00 price=Rp 1,374,602,000.00 equity=Rp 990,125.61
2026-08-28T20:01:43+00:00 price=Rp 1,374,998,000.00 equity=Rp 990,125.61
2026-08-28T20:02:43+00:00 price=Rp 1,374,998,000.00 equity=Rp 990,125.61
2026-08-28T20:03:43+00:00 price=Rp 1,374,995,000.00 equity=Rp 990,125.61
2026-08-28T20:04:43+00:00 price=Rp 1,374,994,000.00 equity=Rp 990,125.61
2026-08-28T20:05:43+00:00 price=Rp 1,374,175,000.00 equity=Rp 990,125.61
2026-08-28T20:06:43+00:00 price=Rp 1,374,800,000.00 equity=Rp 990,125.61
2026-08-28T20:07:44+00:00 price=Rp 1,374,799,000.00 equity=Rp 990,125.61
2026-08-28T20:08:44+00:00 price=Rp 1,374,799,000.00 equity=Rp 990,125.61
2026-08-28T20:09:44+00:00 price=Rp 1,374,799,000.00 equity=Rp 990,125.61
2026-08-28T20:10:44+00:00 price=Rp 1,374,697,000.00 equity=Rp 990,125.61
2026-08-28T20:11:44+00:00 price=Rp 1,374,704,000.00 equity=Rp 990,125.61
2026-08-28T20:12:44+00:00 price=Rp 1,375,482,000.00 equity=Rp 990,125.61
2026-08-28T20:13:44+00:00 price=Rp 1,373,987,000.00 equity=Rp 990,125.61
2026-08-28T20:14:44+00:00 price=Rp 1,374,326,000.00 equity=Rp 990,125.61
2026-08-28T20:15:44+00:00 BUY executed (sma_crossover): {'time': '2026-08-28T20:15:44+00:00', 'mode': 'paper', 'side': 'buy', 'reason': 'sma_crossover', 'price': 1376196000.0, 'amount': 198025.12170300828, 'asset_after': 0.000143461430158131, 'cash_after': 792100.486812033}
2026-08-28T20:15:44+00:00 price=Rp 1,376,196,000.00 equity=Rp 989,531.53
2026-08-28T20:16:44+00:00 price=Rp 1,375,671,000.00 equity=Rp 989,456.22
2026-08-28T20:17:44+00:00 price=Rp 1,375,671,000.00 equity=Rp 989,456.22
2026-08-28T20:18:44+00:00 price=Rp 1,375,671,000.00 equity=Rp 989,456.22
2026-08-28T20:19:44+00:00 price=Rp 1,375,008,000.00 equity=Rp 989,361.10
2026-08-28T20:20:44+00:00 price=Rp 1,375,008,000.00 equity=Rp 989,361.10
2026-08-28T20:21:44+00:00 price=Rp 1,375,009,000.00 equity=Rp 989,361.24
2026-08-28T20:22:44+00:00 price=Rp 1,374,900,000.00 equity=Rp 989,345.61
2026-08-28T20:23:44+00:00 price=Rp 1,374,900,000.00 equity=Rp 989,345.61
2026-08-28T20:24:44+00:00 price=Rp 1,374,901,000.00 equity=Rp 989,345.75
2026-08-28T20:25:44+00:00 price=Rp 1,375,439,000.00 equity=Rp 989,422.93
2026-08-28T20:26:44+00:00 price=Rp 1,375,396,000.00 equity=Rp 989,416.76
2026-08-28T20:27:44+00:00 price=Rp 1,374,900,000.00 equity=Rp 989,345.61
2026-08-28T20:28:44+00:00 price=Rp 1,375,305,000.00 equity=Rp 989,403.71
2026-08-28T20:29:44+00:00 price=Rp 1,374,900,000.00 equity=Rp 989,345.61
2026-08-28T20:30:44+00:00 price=Rp 1,374,900,000.00 equity=Rp 989,345.61
2026-08-28T20:31:44+00:00 price=Rp 1,374,901,000.00 equity=Rp 989,345.75
2026-08-28T20:32:44+00:00 price=Rp 1,374,900,000.00 equity=Rp 989,345.61
2026-08-28T20:33:44+00:00 SELL executed (sma_crossover): {'time': '2026-08-28T20:33:44+00:00', 'mode': 'paper', 'side': 'sell', 'reason': 'sma_crossover', 'price': 1372785000.0, 'amount': 0.000143461430158131, 'asset_after': 0.0, 'cash_after': 988451.361113464}
2026-08-28T20:33:44+00:00 price=Rp 1,372,785,000.00 equity=Rp 988,451.36
2026-08-28T20:34:44+00:00 price=Rp 1,372,002,000.00 equity=Rp 988,451.36
2026-08-28T20:35:44+00:00 price=Rp 1,373,321,000.00 equity=Rp 988,451.36
2026-08-28T20:36:44+00:00 price=Rp 1,371,113,000.00 equity=Rp 988,451.36
2026-08-28T20:37:50+00:00 price=Rp 1,372,719,000.00 equity=Rp 988,451.36
2026-08-28T20:38:50+00:00 price=Rp 1,372,719,000.00 equity=Rp 988,451.36
2026-08-28T20:39:50+00:00 price=Rp 1,373,873,000.00 equity=Rp 988,451.36
2026-08-28T20:40:50+00:00 price=Rp 1,372,942,000.00 equity=Rp 988,451.36
2026-08-28T20:41:50+00:00 price=Rp 1,372,943,000.00 equity=Rp 988,451.36
2026-08-28T20:43:07+00:00 price=Rp 1,374,381,000.00 equity=Rp 988,451.36
2026-08-28T20:44:07+00:00 price=Rp 1,372,943,000.00 equity=Rp 988,451.36
2026-08-28T20:45:07+00:00 price=Rp 1,374,380,000.00 equity=Rp 988,451.36
2026-08-28T20:46:07+00:00 price=Rp 1,374,380,000.00 equity=Rp 988,451.36
2026-08-28T20:47:07+00:00 price=Rp 1,373,007,000.00 equity=Rp 988,451.36
2026-08-28T20:48:07+00:00 price=Rp 1,372,973,000.00 equity=Rp 988,451.36
2026-08-28T20:49:07+00:00 price=Rp 1,373,421,000.00 equity=Rp 988,451.36
2026-08-28T20:50:07+00:00 price=Rp 1,374,381,000.00 equity=Rp 988,451.36
2026-08-28T20:51:07+00:00 price=Rp 1,374,381,000.00 equity=Rp 988,451.36
2026-08-28T20:52:07+00:00 price=Rp 1,373,421,000.00 equity=Rp 988,451.36
2026-08-28T20:53:07+00:00 price=Rp 1,373,997,000.00 equity=Rp 988,451.36
2026-08-28T20:54:07+00:00 price=Rp 1,373,996,000.00 equity=Rp 988,451.36
2026-08-28T20:55:07+00:00 price=Rp 1,372,547,000.00 equity=Rp 988,451.36
2026-08-28T20:56:07+00:00 price=Rp 1,372,241,000.00 equity=Rp 988,451.36
2026-08-28T20:57:07+00:00 price=Rp 1,374,120,000.00 equity=Rp 988,451.36
2026-08-28T20:58:07+00:00 BUY executed (sma_crossover): {'time': '2026-08-28T20:58:07+00:00', 'mode': 'paper', 'side': 'buy', 'reason': 'sma_crossover', 'price': 1374120000.0, 'amount': 197690.27222269282, 'asset_after': 0.00014343521774373762, 'cash_after': 790761.0888907711}
2026-08-28T20:58:07+00:00 price=Rp 1,374,120,000.00 equity=Rp 987,858.29
2026-08-28T20:59:07+00:00 price=Rp 1,372,284,000.00 equity=Rp 987,594.94
2026-08-28T21:00:07+00:00 price=Rp 1,374,120,000.00 equity=Rp 987,858.29
2026-08-28T21:01:07+00:00 price=Rp 1,374,379,000.00 equity=Rp 987,895.44
2026-08-28T21:02:07+00:00 price=Rp 1,374,000,000.00 equity=Rp 987,841.08
2026-08-28T21:03:07+00:00 price=Rp 1,374,000,000.00 equity=Rp 987,841.08
2026-08-28T21:04:08+00:00 price=Rp 1,374,001,000.00 equity=Rp 987,841.22
2026-08-28T21:05:08+00:00 price=Rp 1,374,000,000.00 equity=Rp 987,841.08
2026-08-28T21:06:08+00:00 price=Rp 1,374,001,000.00 equity=Rp 987,841.22
2026-08-28T21:07:08+00:00 price=Rp 1,374,000,000.00 equity=Rp 987,841.08
2026-08-28T21:08:08+00:00 price=Rp 1,374,001,000.00 equity=Rp 987,841.22
2026-08-28T21:09:08+00:00 price=Rp 1,374,001,000.00 equity=Rp 987,841.22
2026-08-28T21:10:08+00:00 price=Rp 1,374,001,000.00 equity=Rp 987,841.22
2026-08-28T21:11:08+00:00 price=Rp 1,374,000,000.00 equity=Rp 987,841.08
2026-08-28T21:12:08+00:00 price=Rp 1,374,000,000.00 equity=Rp 987,841.08
2026-08-28T21:13:08+00:00 price=Rp 1,374,001,000.00 equity=Rp 987,841.22
2026-08-28T21:14:08+00:00 price=Rp 1,374,001,000.00 equity=Rp 987,841.22
2026-08-28T21:15:08+00:00 price=Rp 1,374,001,000.00 equity=Rp 987,841.22
2026-08-28T21:16:08+00:00 price=Rp 1,374,001,000.00 equity=Rp 987,841.22
2026-08-28T21:17:08+00:00 price=Rp 1,374,001,000.00 equity=Rp 987,841.22
2026-08-28T21:18:08+00:00 price=Rp 1,374,000,000.00 equity=Rp 987,841.08
2026-08-28T21:19:08+00:00 price=Rp 1,374,001,000.00 equity=Rp 987,841.22
2026-08-28T21:20:08+00:00 price=Rp 1,374,001,000.00 equity=Rp 987,841.22
2026-08-28T21:21:08+00:00 price=Rp 1,374,001,000.00 equity=Rp 987,841.22
2026-08-28T21:22:08+00:00 price=Rp 1,374,001,000.00 equity=Rp 987,841.22
2026-08-28T21:23:08+00:00 price=Rp 1,374,000,000.00 equity=Rp 987,841.08
2026-08-28T21:24:08+00:00 price=Rp 1,372,187,000.00 equity=Rp 987,581.03
2026-08-28T21:25:08+00:00 SELL executed (sma_crossover): {'time': '2026-08-28T21:25:08+00:00', 'mode': 'paper', 'side': 'sell', 'reason': 'sma_crossover', 'price': 1373642000.0, 'amount': 0.00014343521774373762, 'asset_after': 0.0, 'cash_after': 987198.6423445985}
2026-08-28T21:25:08+00:00 price=Rp 1,373,642,000.00 equity=Rp 987,198.64
2026-08-28T21:26:08+00:00 price=Rp 1,373,932,000.00 equity=Rp 987,198.64
2026-08-28T21:27:08+00:00 price=Rp 1,374,001,000.00 equity=Rp 987,198.64
2026-08-28T21:28:08+00:00 price=Rp 1,374,001,000.00 equity=Rp 987,198.64
2026-08-28T21:29:08+00:00 price=Rp 1,374,000,000.00 equity=Rp 987,198.64
2026-08-28T21:30:08+00:00 price=Rp 1,374,000,000.00 equity=Rp 987,198.64
2026-08-28T21:31:08+00:00 price=Rp 1,374,000,000.00 equity=Rp 987,198.64
2026-08-28T21:32:08+00:00 price=Rp 1,374,001,000.00 equity=Rp 987,198.64
2026-08-28T21:33:09+00:00 price=Rp 1,373,777,000.00 equity=Rp 987,198.64
2026-08-28T21:34:09+00:00 BUY executed (sma_crossover): {'time': '2026-08-28T21:34:09+00:00', 'mode': 'paper', 'side': 'buy', 'reason': 'sma_crossover', 'price': 1373777000.0, 'amount': 197439.72846891973, 'asset_after': 0.00014328920143772458, 'cash_after': 789758.9138756788}
2026-08-28T21:34:09+00:00 price=Rp 1,373,777,000.00 equity=Rp 986,606.32
2026-08-28T21:35:09+00:00 price=Rp 1,374,381,000.00 equity=Rp 986,692.87
2026-08-28T21:36:09+00:00 price=Rp 1,375,305,000.00 equity=Rp 986,825.27
2026-08-28T21:37:09+00:00 price=Rp 1,375,780,000.00 equity=Rp 986,893.33
2026-08-28T21:38:09+00:00 price=Rp 1,374,405,000.00 equity=Rp 986,696.31
2026-08-28T21:39:09+00:00 price=Rp 1,376,257,000.00 equity=Rp 986,961.68
2026-08-28T21:40:09+00:00 price=Rp 1,374,869,000.00 equity=Rp 986,762.79
2026-08-28T21:41:09+00:00 price=Rp 1,374,907,000.00 equity=Rp 986,768.24
2026-08-28T21:42:09+00:00 price=Rp 1,376,555,000.00 equity=Rp 987,004.38
2026-08-28T21:43:09+00:00 price=Rp 1,376,394,000.00 equity=Rp 986,981.31
2026-08-28T21:44:09+00:00 price=Rp 1,376,382,000.00 equity=Rp 986,979.59
2026-08-28T21:45:09+00:00 price=Rp 1,376,460,000.00 equity=Rp 986,990.77
2026-08-28T21:46:09+00:00 price=Rp 1,376,458,000.00 equity=Rp 986,990.48
2026-08-28T21:47:09+00:00 price=Rp 1,374,577,000.00 equity=Rp 986,720.95
2026-08-28T21:48:09+00:00 price=Rp 1,375,943,000.00 equity=Rp 986,916.69
2026-08-28T21:49:09+00:00 price=Rp 1,374,918,000.00 equity=Rp 986,769.82
2026-08-28T21:50:09+00:00 price=Rp 1,374,916,000.00 equity=Rp 986,769.53
2026-08-28T21:51:09+00:00 price=Rp 1,374,916,000.00 equity=Rp 986,769.53
2026-08-28T21:52:09+00:00 price=Rp 1,374,769,000.00 equity=Rp 986,748.47
2026-08-28T21:53:09+00:00 price=Rp 1,374,577,000.00 equity=Rp 986,720.95
2026-08-28T21:54:09+00:00 price=Rp 1,374,576,000.00 equity=Rp 986,720.81
2026-08-28T21:55:09+00:00 price=Rp 1,374,577,000.00 equity=Rp 986,720.95
2026-08-28T21:56:09+00:00 SELL executed (sma_crossover): {'time': '2026-08-28T21:56:09+00:00', 'mode': 'paper', 'side': 'sell', 'reason': 'sma_crossover', 'price': 1374576000.0, 'amount': 0.00014328920143772458, 'asset_after': 0.0, 'cash_after': 986129.9255390741}
2026-08-28T21:56:09+00:00 price=Rp 1,374,576,000.00 equity=Rp 986,129.93
2026-08-28T21:57:09+00:00 price=Rp 1,374,576,000.00 equity=Rp 986,129.93
2026-08-28T21:58:09+00:00 price=Rp 1,374,576,000.00 equity=Rp 986,129.93
2026-08-28T21:59:09+00:00 price=Rp 1,374,576,000.00 equity=Rp 986,129.93
2026-08-28T22:00:09+00:00 price=Rp 1,374,576,000.00 equity=Rp 986,129.93
2026-08-28T22:01:09+00:00 price=Rp 1,374,577,000.00 equity=Rp 986,129.93
2026-08-28T22:02:09+00:00 price=Rp 1,374,577,000.00 equity=Rp 986,129.93
2026-08-28T22:03:09+00:00 price=Rp 1,374,576,000.00 equity=Rp 986,129.93
2026-08-28T22:04:09+00:00 price=Rp 1,374,577,000.00 equity=Rp 986,129.93
2026-08-28T22:05:10+00:00 price=Rp 1,372,201,000.00 equity=Rp 986,129.93
2026-08-28T22:06:10+00:00 price=Rp 1,374,576,000.00 equity=Rp 986,129.93
2026-08-28T22:07:10+00:00 price=Rp 1,374,576,000.00 equity=Rp 986,129.93
2026-08-28T22:08:10+00:00 price=Rp 1,373,264,000.00 equity=Rp 986,129.93
2026-08-28T22:09:10+00:00 price=Rp 1,374,302,000.00 equity=Rp 986,129.93
2026-08-28T22:10:10+00:00 price=Rp 1,374,575,000.00 equity=Rp 986,129.93
2026-08-28T22:11:10+00:00 price=Rp 1,373,281,000.00 equity=Rp 986,129.93
2026-08-28T22:12:10+00:00 price=Rp 1,374,575,000.00 equity=Rp 986,129.93
2026-08-28T22:13:10+00:00 price=Rp 1,374,575,000.00 equity=Rp 986,129.93
2026-08-28T22:14:10+00:00 price=Rp 1,373,302,000.00 equity=Rp 986,129.93
2026-08-28T22:15:10+00:00 price=Rp 1,374,575,000.00 equity=Rp 986,129.93
2026-08-28T22:16:10+00:00 price=Rp 1,374,571,000.00 equity=Rp 986,129.93
2026-08-28T22:17:10+00:00 price=Rp 1,373,000,000.00 equity=Rp 986,129.93
2026-08-28T22:18:10+00:00 price=Rp 1,374,576,000.00 equity=Rp 986,129.93
2026-08-28T22:19:10+00:00 price=Rp 1,373,001,000.00 equity=Rp 986,129.93
2026-08-28T22:20:10+00:00 price=Rp 1,373,374,000.00 equity=Rp 986,129.93
2026-08-28T22:21:10+00:00 price=Rp 1,373,946,000.00 equity=Rp 986,129.93
2026-08-28T22:22:10+00:00 price=Rp 1,373,946,000.00 equity=Rp 986,129.93
2026-08-28T22:23:10+00:00 price=Rp 1,374,575,000.00 equity=Rp 986,129.93
2026-08-28T22:24:10+00:00 price=Rp 1,373,947,000.00 equity=Rp 986,129.93
2026-08-28T22:25:10+00:00 price=Rp 1,374,575,000.00 equity=Rp 986,129.93
2026-08-28T22:26:10+00:00 price=Rp 1,374,577,000.00 equity=Rp 986,129.93
2026-08-28T22:27:10+00:00 price=Rp 1,374,577,000.00 equity=Rp 986,129.93
2026-08-28T22:28:10+00:00 price=Rp 1,374,577,000.00 equity=Rp 986,129.93
2026-08-28T22:29:10+00:00 BUY executed (sma_crossover): {'time': '2026-08-28T22:29:10+00:00', 'mode': 'paper', 'side': 'buy', 'reason': 'sma_crossover', 'price': 1374577000.0, 'amount': 197225.98510781483, 'asset_after': 0.0001430507764588607, 'cash_after': 788903.9404312593}
2026-08-28T22:29:10+00:00 price=Rp 1,374,577,000.00 equity=Rp 985,538.25
2026-08-28T22:30:10+00:00 price=Rp 1,374,577,000.00 equity=Rp 985,538.25
2026-08-28T22:31:11+00:00 price=Rp 1,374,577,000.00 equity=Rp 985,538.25
2026-08-28T22:32:11+00:00 price=Rp 1,374,577,000.00 equity=Rp 985,538.25
2026-08-28T22:33:11+00:00 price=Rp 1,374,577,000.00 equity=Rp 985,538.25
2026-08-28T22:34:11+00:00 price=Rp 1,374,577,000.00 equity=Rp 985,538.25
2026-08-28T22:35:11+00:00 price=Rp 1,374,577,000.00 equity=Rp 985,538.25
2026-08-28T22:36:11+00:00 price=Rp 1,374,577,000.00 equity=Rp 985,538.25
2026-08-28T22:37:11+00:00 price=Rp 1,374,577,000.00 equity=Rp 985,538.25
2026-08-28T22:38:11+00:00 price=Rp 1,374,576,000.00 equity=Rp 985,538.10
2026-08-28T22:39:11+00:00 price=Rp 1,374,577,000.00 equity=Rp 985,538.25
2026-08-28T22:40:11+00:00 price=Rp 1,374,577,000.00 equity=Rp 985,538.25
2026-08-28T22:41:11+00:00 price=Rp 1,374,577,000.00 equity=Rp 985,538.25
2026-08-28T22:42:11+00:00 price=Rp 1,375,954,000.00 equity=Rp 985,735.23
2026-08-28T22:43:11+00:00 price=Rp 1,375,954,000.00 equity=Rp 985,735.23
2026-08-28T22:44:11+00:00 price=Rp 1,376,388,000.00 equity=Rp 985,797.31
2026-08-28T22:45:11+00:00 price=Rp 1,379,312,000.00 equity=Rp 986,215.59
2026-08-28T22:46:11+00:00 price=Rp 1,379,312,000.00 equity=Rp 986,215.59
2026-08-28T22:47:11+00:00 price=Rp 1,379,313,000.00 equity=Rp 986,215.74
2026-08-28T22:48:11+00:00 price=Rp 1,379,313,000.00 equity=Rp 986,215.74
2026-08-28T22:49:11+00:00 price=Rp 1,379,314,000.00 equity=Rp 986,215.88
2026-08-28T22:50:11+00:00 price=Rp 1,379,313,000.00 equity=Rp 986,215.74
2026-08-28T22:51:11+00:00 price=Rp 1,379,313,000.00 equity=Rp 986,215.74
2026-08-28T22:52:11+00:00 price=Rp 1,379,313,000.00 equity=Rp 986,215.74
2026-08-28T22:53:11+00:00 price=Rp 1,379,313,000.00 equity=Rp 986,215.74
2026-08-28T22:54:11+00:00 price=Rp 1,379,313,000.00 equity=Rp 986,215.74
2026-08-28T22:55:11+00:00 price=Rp 1,379,313,000.00 equity=Rp 986,215.74
2026-08-28T22:56:11+00:00 price=Rp 1,379,313,000.00 equity=Rp 986,215.74
2026-08-28T22:57:11+00:00 price=Rp 1,379,313,000.00 equity=Rp 986,215.74
2026-08-28T22:58:11+00:00 price=Rp 1,379,313,000.00 equity=Rp 986,215.74
2026-08-28T22:59:11+00:00 price=Rp 1,379,313,000.00 equity=Rp 986,215.74
2026-08-28T23:00:11+00:00 price=Rp 1,379,312,000.00 equity=Rp 986,215.59
2026-08-28T23:01:11+00:00 price=Rp 1,379,313,000.00 equity=Rp 986,215.74
2026-08-28T23:02:11+00:00 price=Rp 1,379,313,000.00 equity=Rp 986,215.74
2026-08-28T23:03:11+00:00 price=Rp 1,379,313,000.00 equity=Rp 986,215.74
2026-08-28T23:04:12+00:00 price=Rp 1,379,001,000.00 equity=Rp 986,171.10
2026-08-28T23:05:12+00:00 price=Rp 1,376,389,000.00 equity=Rp 985,797.46
2026-08-28T23:06:12+00:00 price=Rp 1,376,053,000.00 equity=Rp 985,749.39
2026-08-28T23:07:12+00:00 price=Rp 1,377,301,000.00 equity=Rp 985,927.92
2026-08-28T23:08:12+00:00 price=Rp 1,376,406,000.00 equity=Rp 985,799.89
2026-08-28T23:09:12+00:00 SELL executed (sma_crossover): {'time': '2026-08-28T23:09:12+00:00', 'mode': 'paper', 'side': 'sell', 'reason': 'sma_crossover', 'price': 1379310000.0, 'amount': 0.0001430507764588607, 'asset_after': 0.0, 'cash_after': 985623.3728092981}
2026-08-28T23:09:12+00:00 price=Rp 1,379,310,000.00 equity=Rp 985,623.37
2026-08-28T23:10:12+00:00 price=Rp 1,376,408,000.00 equity=Rp 985,623.37
2026-08-28T23:11:12+00:00 price=Rp 1,379,310,000.00 equity=Rp 985,623.37
2026-08-28T23:12:12+00:00 price=Rp 1,379,313,000.00 equity=Rp 985,623.37
2026-08-28T23:13:12+00:00 price=Rp 1,376,866,000.00 equity=Rp 985,623.37
2026-08-28T23:14:12+00:00 price=Rp 1,379,313,000.00 equity=Rp 985,623.37
2026-08-28T23:15:12+00:00 price=Rp 1,379,312,000.00 equity=Rp 985,623.37
2026-08-28T23:16:12+00:00 price=Rp 1,379,311,000.00 equity=Rp 985,623.37
2026-08-28T23:17:12+00:00 price=Rp 1,379,311,000.00 equity=Rp 985,623.37
2026-08-28T23:18:12+00:00 BUY executed (sma_crossover): {'time': '2026-08-28T23:18:12+00:00', 'mode': 'paper', 'side': 'buy', 'reason': 'sma_crossover', 'price': 1379311000.0, 'amount': 197124.67456185963, 'asset_after': 0.00014248657520905296, 'cash_after': 788498.6982474385}
2026-08-28T23:18:12+00:00 price=Rp 1,379,311,000.00 equity=Rp 985,032.00
2026-08-28T23:19:12+00:00 price=Rp 1,379,311,000.00 equity=Rp 985,032.00
2026-08-28T23:20:12+00:00 price=Rp 1,378,571,000.00 equity=Rp 984,926.56
2026-08-28T23:21:12+00:00 price=Rp 1,379,310,000.00 equity=Rp 985,031.86
2026-08-28T23:22:12+00:00 price=Rp 1,379,310,000.00 equity=Rp 985,031.86
2026-08-28T23:23:12+00:00 price=Rp 1,379,310,000.00 equity=Rp 985,031.86
2026-08-28T23:24:12+00:00 price=Rp 1,379,310,000.00 equity=Rp 985,031.86
2026-08-28T23:25:12+00:00 price=Rp 1,379,310,000.00 equity=Rp 985,031.86
2026-08-28T23:26:12+00:00 price=Rp 1,379,310,000.00 equity=Rp 985,031.86
2026-08-28T23:27:12+00:00 price=Rp 1,379,310,000.00 equity=Rp 985,031.86
2026-08-28T23:28:12+00:00 price=Rp 1,379,308,000.00 equity=Rp 985,031.57
2026-08-28T23:29:12+00:00 price=Rp 1,378,572,000.00 equity=Rp 984,926.70
2026-08-28T23:30:12+00:00 price=Rp 1,378,571,000.00 equity=Rp 984,926.56
2026-08-28T23:31:12+00:00 price=Rp 1,378,572,000.00 equity=Rp 984,926.70
2026-08-28T23:32:12+00:00 price=Rp 1,378,572,000.00 equity=Rp 984,926.70
2026-08-28T23:33:12+00:00 price=Rp 1,378,572,000.00 equity=Rp 984,926.70
2026-08-28T23:34:12+00:00 price=Rp 1,378,570,000.00 equity=Rp 984,926.42
2026-08-28T23:35:12+00:00 price=Rp 1,378,571,000.00 equity=Rp 984,926.56
2026-08-28T23:36:13+00:00 SELL executed (sma_crossover): {'time': '2026-08-28T23:36:13+00:00', 'mode': 'paper', 'side': 'sell', 'reason': 'sma_crossover', 'price': 1378571000.0, 'amount': 0.00014248657520905296, 'asset_after': 0.0, 'cash_after': 984337.2751385403}
2026-08-28T23:36:13+00:00 price=Rp 1,378,571,000.00 equity=Rp 984,337.28
2026-08-28T23:37:13+00:00 price=Rp 1,378,572,000.00 equity=Rp 984,337.28
2026-08-28T23:38:13+00:00 price=Rp 1,378,572,000.00 equity=Rp 984,337.28
2026-08-28T23:39:13+00:00 price=Rp 1,378,572,000.00 equity=Rp 984,337.28
2026-08-28T23:40:13+00:00 price=Rp 1,378,572,000.00 equity=Rp 984,337.28
2026-08-28T23:41:13+00:00 price=Rp 1,378,572,000.00 equity=Rp 984,337.28
2026-08-28T23:42:13+00:00 price=Rp 1,378,571,000.00 equity=Rp 984,337.28
2026-08-28T23:43:13+00:00 price=Rp 1,378,570,000.00 equity=Rp 984,337.28
2026-08-28T23:44:13+00:00 price=Rp 1,379,308,000.00 equity=Rp 984,337.28
2026-08-28T23:45:13+00:00 price=Rp 1,378,571,000.00 equity=Rp 984,337.28
2026-08-28T23:46:13+00:00 price=Rp 1,378,571,000.00 equity=Rp 984,337.28
2026-08-28T23:47:13+00:00 price=Rp 1,378,571,000.00 equity=Rp 984,337.28
2026-08-28T23:48:13+00:00 price=Rp 1,378,570,000.00 equity=Rp 984,337.28
2026-08-28T23:49:13+00:00 price=Rp 1,378,571,000.00 equity=Rp 984,337.28
2026-08-28T23:50:13+00:00 price=Rp 1,378,570,000.00 equity=Rp 984,337.28
2026-08-28T23:51:13+00:00 price=Rp 1,378,572,000.00 equity=Rp 984,337.28
2026-08-28T23:52:13+00:00 price=Rp 1,378,572,000.00 equity=Rp 984,337.28
2026-08-28T23:53:13+00:00 price=Rp 1,378,571,000.00 equity=Rp 984,337.28
2026-08-28T23:54:13+00:00 price=Rp 1,378,571,000.00 equity=Rp 984,337.28
2026-08-28T23:55:13+00:00 price=Rp 1,378,570,000.00 equity=Rp 984,337.28
2026-08-28T23:56:13+00:00 price=Rp 1,378,570,000.00 equity=Rp 984,337.28
2026-08-28T23:57:13+00:00 BUY executed (sma_crossover): {'time': '2026-08-28T23:57:13+00:00', 'mode': 'paper', 'side': 'buy', 'reason': 'sma_crossover', 'price': 1379571000.0, 'amount': 196867.45502770809, 'asset_after': 0.0001422738319830041, 'cash_after': 787469.8201108322}
2026-08-28T23:57:13+00:00 price=Rp 1,379,571,000.00 equity=Rp 983,746.67
2026-08-28T23:58:13+00:00 price=Rp 1,380,126,000.00 equity=Rp 983,825.63
2026-08-28T23:59:13+00:00 price=Rp 1,381,767,000.00 equity=Rp 984,059.11
2026-08-29T00:00:17+00:00 price=Rp 1,381,768,000.00 equity=Rp 984,059.25
2026-08-29T00:01:17+00:00 price=Rp 1,380,453,000.00 equity=Rp 983,872.16
2026-08-29T00:02:17+00:00 price=Rp 1,381,768,000.00 equity=Rp 984,059.25
2026-08-29T00:03:17+00:00 price=Rp 1,381,767,000.00 equity=Rp 984,059.11
2026-08-29T00:04:17+00:00 price=Rp 1,381,767,000.00 equity=Rp 984,059.11
2026-08-29T00:05:17+00:00 price=Rp 1,380,452,000.00 equity=Rp 983,872.02
2026-08-29T00:06:17+00:00 price=Rp 1,381,766,000.00 equity=Rp 984,058.96
2026-08-29T00:07:17+00:00 price=Rp 1,380,751,000.00 equity=Rp 983,914.56
2026-08-29T00:08:17+00:00 price=Rp 1,381,767,000.00 equity=Rp 984,059.11
2026-08-29T00:09:17+00:00 price=Rp 1,381,130,000.00 equity=Rp 983,968.48
2026-08-29T00:10:18+00:00 price=Rp 1,381,768,000.00 equity=Rp 984,059.25
2026-08-29T00:11:18+00:00 price=Rp 1,381,421,000.00 equity=Rp 984,009.88
2026-08-29T00:12:18+00:00 price=Rp 1,381,132,000.00 equity=Rp 983,968.76
2026-08-29T00:13:18+00:00 price=Rp 1,381,422,000.00 equity=Rp 984,010.02
2026-08-29T00:14:18+00:00 price=Rp 1,381,766,000.00 equity=Rp 984,058.96
2026-08-29T00:15:18+00:00 price=Rp 1,381,131,000.00 equity=Rp 983,968.62
2026-08-29T00:16:18+00:00 price=Rp 1,381,766,000.00 equity=Rp 984,058.96
2026-08-29T00:17:18+00:00 price=Rp 1,381,766,000.00 equity=Rp 984,058.96
2026-08-29T00:18:18+00:00 price=Rp 1,381,765,000.00 equity=Rp 984,058.82
2026-08-29T00:19:18+00:00 price=Rp 1,381,131,000.00 equity=Rp 983,968.62
2026-08-29T00:20:18+00:00 price=Rp 1,381,764,000.00 equity=Rp 984,058.68
2026-08-29T00:21:18+00:00 price=Rp 1,381,765,000.00 equity=Rp 984,058.82
2026-08-29T00:22:18+00:00 price=Rp 1,381,765,000.00 equity=Rp 984,058.82
2026-08-29T00:23:18+00:00 price=Rp 1,381,131,000.00 equity=Rp 983,968.62
2026-08-29T00:24:18+00:00 price=Rp 1,381,765,000.00 equity=Rp 984,058.82
2026-08-29T00:25:18+00:00 price=Rp 1,381,766,000.00 equity=Rp 984,058.96
2026-08-29T00:26:18+00:00 price=Rp 1,381,132,000.00 equity=Rp 983,968.76
2026-08-29T00:27:18+00:00 price=Rp 1,382,100,000.00 equity=Rp 984,106.48
2026-08-29T00:28:18+00:00 price=Rp 1,384,057,000.00 equity=Rp 984,384.91
2026-08-29T00:29:18+00:00 price=Rp 1,382,987,000.00 equity=Rp 984,232.68
2026-08-29T00:30:18+00:00 price=Rp 1,383,317,000.00 equity=Rp 984,279.63
2026-08-29T00:31:18+00:00 price=Rp 1,382,935,000.00 equity=Rp 984,225.28
2026-08-29T00:32:18+00:00 price=Rp 1,382,091,000.00 equity=Rp 984,105.20
2026-08-29T00:33:18+00:00 price=Rp 1,381,552,000.00 equity=Rp 984,028.52
2026-08-29T00:34:18+00:00 price=Rp 1,380,451,000.00 equity=Rp 983,871.87
2026-08-29T00:35:18+00:00 price=Rp 1,381,062,000.00 equity=Rp 983,958.80
2026-08-29T00:36:18+00:00 price=Rp 1,380,451,000.00 equity=Rp 983,871.87
2026-08-29T00:37:18+00:00 price=Rp 1,380,451,000.00 equity=Rp 983,871.87
2026-08-29T00:38:18+00:00 SELL executed (sma_crossover): {'time': '2026-08-29T00:38:18+00:00', 'mode': 'paper', 'side': 'sell', 'reason': 'sma_crossover', 'price': 1381297000.0, 'amount': 0.0001422738319830041, 'asset_after': 0.0, 'cash_after': 983402.6701555699}
2026-08-29T00:38:18+00:00 price=Rp 1,381,297,000.00 equity=Rp 983,402.67
2026-08-29T00:39:18+00:00 price=Rp 1,381,298,000.00 equity=Rp 983,402.67
2026-08-29T00:40:18+00:00 price=Rp 1,380,452,000.00 equity=Rp 983,402.67
2026-08-29T00:41:18+00:00 price=Rp 1,381,431,000.00 equity=Rp 983,402.67
2026-08-29T00:42:18+00:00 price=Rp 1,381,431,000.00 equity=Rp 983,402.67
2026-08-29T00:43:19+00:00 price=Rp 1,381,137,000.00 equity=Rp 983,402.67
2026-08-29T00:44:19+00:00 price=Rp 1,381,130,000.00 equity=Rp 983,402.67
2026-08-29T00:45:19+00:00 price=Rp 1,381,129,000.00 equity=Rp 983,402.67
2026-08-29T00:46:19+00:00 price=Rp 1,381,129,000.00 equity=Rp 983,402.67
2026-08-29T00:47:19+00:00 price=Rp 1,381,130,000.00 equity=Rp 983,402.67
2026-08-29T00:48:19+00:00 price=Rp 1,380,989,000.00 equity=Rp 983,402.67
2026-08-29T00:49:19+00:00 price=Rp 1,380,557,000.00 equity=Rp 983,402.67
2026-08-29T00:50:19+00:00 price=Rp 1,380,557,000.00 equity=Rp 983,402.67
2026-08-29T00:51:19+00:00 price=Rp 1,380,452,000.00 equity=Rp 983,402.67
2026-08-29T00:52:19+00:00 price=Rp 1,380,452,000.00 equity=Rp 983,402.67
2026-08-29T00:53:19+00:00 price=Rp 1,380,452,000.00 equity=Rp 983,402.67
2026-08-29T00:54:19+00:00 price=Rp 1,380,451,000.00 equity=Rp 983,402.67
2026-08-29T00:55:19+00:00 price=Rp 1,380,452,000.00 equity=Rp 983,402.67
2026-08-29T00:56:19+00:00 price=Rp 1,380,451,000.00 equity=Rp 983,402.67
2026-08-29T00:57:19+00:00 price=Rp 1,380,452,000.00 equity=Rp 983,402.67
2026-08-29T00:58:19+00:00 price=Rp 1,380,452,000.00 equity=Rp 983,402.67
2026-08-29T00:59:19+00:00 price=Rp 1,380,452,000.00 equity=Rp 983,402.67
2026-08-29T01:00:19+00:00 price=Rp 1,380,452,000.00 equity=Rp 983,402.67
2026-08-29T01:01:19+00:00 price=Rp 1,380,451,000.00 equity=Rp 983,402.67
2026-08-29T01:02:19+00:00 price=Rp 1,380,452,000.00 equity=Rp 983,402.67
2026-08-29T01:03:19+00:00 price=Rp 1,380,451,000.00 equity=Rp 983,402.67
2026-08-29T01:04:19+00:00 price=Rp 1,380,451,000.00 equity=Rp 983,402.67
2026-08-29T01:05:19+00:00 price=Rp 1,380,451,000.00 equity=Rp 983,402.67
2026-08-29T01:06:19+00:00 price=Rp 1,380,452,000.00 equity=Rp 983,402.67
2026-08-29T01:07:19+00:00 price=Rp 1,380,452,000.00 equity=Rp 983,402.67
2026-08-29T01:08:19+00:00 price=Rp 1,379,251,000.00 equity=Rp 983,402.67
2026-08-29T01:09:20+00:00 price=Rp 1,378,099,000.00 equity=Rp 983,402.67
2026-08-29T01:10:20+00:00 price=Rp 1,379,251,000.00 equity=Rp 983,402.67
2026-08-29T01:11:20+00:00 price=Rp 1,378,099,000.00 equity=Rp 983,402.67
2026-08-29T01:12:20+00:00 price=Rp 1,378,248,000.00 equity=Rp 983,402.67
2026-08-29T01:13:20+00:00 price=Rp 1,378,101,000.00 equity=Rp 983,402.67
2026-08-29T01:14:20+00:00 price=Rp 1,378,000,000.00 equity=Rp 983,402.67
2026-08-29T01:15:20+00:00 price=Rp 1,376,866,000.00 equity=Rp 983,402.67
2026-08-29T01:16:20+00:00 price=Rp 1,377,999,000.00 equity=Rp 983,402.67
2026-08-29T01:17:20+00:00 price=Rp 1,377,999,000.00 equity=Rp 983,402.67
2026-08-29T01:18:20+00:00 price=Rp 1,377,998,000.00 equity=Rp 983,402.67
2026-08-29T01:19:20+00:00 price=Rp 1,377,999,000.00 equity=Rp 983,402.67
2026-08-29T01:20:20+00:00 price=Rp 1,377,999,000.00 equity=Rp 983,402.67
2026-08-29T01:21:20+00:00 price=Rp 1,377,999,000.00 equity=Rp 983,402.67
2026-08-29T01:22:20+00:00 price=Rp 1,377,728,000.00 equity=Rp 983,402.67
2026-08-29T01:23:20+00:00 price=Rp 1,377,999,000.00 equity=Rp 983,402.67
2026-08-29T01:24:20+00:00 price=Rp 1,377,728,000.00 equity=Rp 983,402.67
2026-08-29T01:25:20+00:00 price=Rp 1,377,729,000.00 equity=Rp 983,402.67
2026-08-29T01:26:20+00:00 price=Rp 1,377,999,000.00 equity=Rp 983,402.67
2026-08-29T01:27:20+00:00 price=Rp 1,377,728,000.00 equity=Rp 983,402.67
2026-08-29T01:28:20+00:00 price=Rp 1,377,999,000.00 equity=Rp 983,402.67
2026-08-29T01:29:20+00:00 price=Rp 1,377,999,000.00 equity=Rp 983,402.67
2026-08-29T01:30:20+00:00 price=Rp 1,377,999,000.00 equity=Rp 983,402.67
2026-08-29T01:31:20+00:00 price=Rp 1,377,913,000.00 equity=Rp 983,402.67
2026-08-29T01:32:21+00:00 price=Rp 1,377,999,000.00 equity=Rp 983,402.67
2026-08-29T01:33:21+00:00 price=Rp 1,377,913,000.00 equity=Rp 983,402.67
2026-08-29T01:34:21+00:00 price=Rp 1,377,999,000.00 equity=Rp 983,402.67
2026-08-29T01:35:21+00:00 price=Rp 1,380,000,000.00 equity=Rp 983,402.67
2026-08-29T01:36:21+00:00 BUY executed (sma_crossover): {'time': '2026-08-29T01:36:21+00:00', 'mode': 'paper', 'side': 'buy', 'reason': 'sma_crossover', 'price': 1379997000.0, 'amount': 196680.534031114, 'asset_after': 0.00014209486863306272, 'cash_after': 786722.136124456}
2026-08-29T01:36:21+00:00 price=Rp 1,379,997,000.00 equity=Rp 982,812.63
2026-08-29T01:37:21+00:00 price=Rp 1,380,000,000.00 equity=Rp 982,813.05
2026-08-29T01:38:21+00:00 price=Rp 1,380,000,000.00 equity=Rp 982,813.05
2026-08-29T01:39:21+00:00 price=Rp 1,379,997,000.00 equity=Rp 982,812.63
2026-08-29T01:40:21+00:00 price=Rp 1,379,997,000.00 equity=Rp 982,812.63
2026-08-29T01:41:21+00:00 price=Rp 1,379,052,000.00 equity=Rp 982,678.35
2026-08-29T01:42:21+00:00 price=Rp 1,379,838,000.00 equity=Rp 982,790.04
2026-08-29T01:43:21+00:00 price=Rp 1,380,000,000.00 equity=Rp 982,813.05
2026-08-29T01:44:21+00:00 price=Rp 1,380,000,000.00 equity=Rp 982,813.05
2026-08-29T01:45:21+00:00 price=Rp 1,380,000,000.00 equity=Rp 982,813.05
2026-08-29T01:46:21+00:00 price=Rp 1,379,838,000.00 equity=Rp 982,790.04
2026-08-29T01:47:21+00:00 price=Rp 1,379,998,000.00 equity=Rp 982,812.77
2026-08-29T01:48:21+00:00 price=Rp 1,379,998,000.00 equity=Rp 982,812.77
2026-08-29T01:49:21+00:00 price=Rp 1,377,995,000.00 equity=Rp 982,528.15
2026-08-29T01:50:21+00:00 price=Rp 1,379,998,000.00 equity=Rp 982,812.77
2026-08-29T01:51:21+00:00 price=Rp 1,379,998,000.00 equity=Rp 982,812.77
2026-08-29T01:52:21+00:00 price=Rp 1,378,336,000.00 equity=Rp 982,576.61
2026-08-29T01:53:21+00:00 price=Rp 1,379,998,000.00 equity=Rp 982,812.77
2026-08-29T01:54:21+00:00 price=Rp 1,378,338,000.00 equity=Rp 982,576.89
2026-08-29T01:55:22+00:00 price=Rp 1,379,998,000.00 equity=Rp 982,812.77
2026-08-29T01:56:22+00:00 price=Rp 1,379,998,000.00 equity=Rp 982,812.77
2026-08-29T01:57:22+00:00 price=Rp 1,379,999,000.00 equity=Rp 982,812.91
2026-08-29T01:58:22+00:00 price=Rp 1,379,998,000.00 equity=Rp 982,812.77
2026-08-29T01:59:22+00:00 price=Rp 1,379,998,000.00 equity=Rp 982,812.77
2026-08-29T02:00:22+00:00 price=Rp 1,379,999,000.00 equity=Rp 982,812.91
2026-08-29T02:01:22+00:00 price=Rp 1,379,998,000.00 equity=Rp 982,812.77
2026-08-29T02:02:22+00:00 price=Rp 1,379,998,000.00 equity=Rp 982,812.77
2026-08-29T02:03:22+00:00 price=Rp 1,379,998,000.00 equity=Rp 982,812.77
2026-08-29T02:04:22+00:00 price=Rp 1,379,998,000.00 equity=Rp 982,812.77
2026-08-29T02:05:22+00:00 price=Rp 1,379,999,000.00 equity=Rp 982,812.91
2026-08-29T02:06:22+00:00 price=Rp 1,379,998,000.00 equity=Rp 982,812.77
2026-08-29T02:07:22+00:00 price=Rp 1,379,999,000.00 equity=Rp 982,812.91
2026-08-29T02:08:22+00:00 price=Rp 1,379,998,000.00 equity=Rp 982,812.77
2026-08-29T02:09:22+00:00 price=Rp 1,379,999,000.00 equity=Rp 982,812.91
2026-08-29T02:10:22+00:00 price=Rp 1,379,999,000.00 equity=Rp 982,812.91
2026-08-29T02:11:22+00:00 price=Rp 1,378,344,000.00 equity=Rp 982,577.75
2026-08-29T02:12:22+00:00 price=Rp 1,379,998,000.00 equity=Rp 982,812.77
2026-08-29T02:13:23+00:00 price=Rp 1,379,998,000.00 equity=Rp 982,812.77
2026-08-29T02:14:23+00:00 price=Rp 1,379,998,000.00 equity=Rp 982,812.77
2026-08-29T02:15:23+00:00 SELL executed (sma_crossover): {'time': '2026-08-29T02:15:23+00:00', 'mode': 'paper', 'side': 'sell', 'reason': 'sma_crossover', 'price': 1378620000.0, 'amount': 0.00014209486863306272, 'asset_after': 0.0, 'cash_after': 982029.2794359841}
2026-08-29T02:15:23+00:00 price=Rp 1,378,620,000.00 equity=Rp 982,029.28
Re-screen selected ETHIDR: score=-0.14
2026-08-29T02:16:23+00:00 price=Rp 43,349,000.00 equity=Rp 982,029.28
2026-08-29T02:17:23+00:00 price=Rp 43,349,000.00 equity=Rp 982,029.28
2026-08-29T02:18:23+00:00 price=Rp 43,349,000.00 equity=Rp 982,029.28
2026-08-29T02:19:23+00:00 price=Rp 43,347,000.00 equity=Rp 982,029.28
2026-08-29T02:20:23+00:00 price=Rp 43,321,000.00 equity=Rp 982,029.28
2026-08-29T02:21:23+00:00 price=Rp 43,321,000.00 equity=Rp 982,029.28
2026-08-29T02:22:23+00:00 price=Rp 43,321,000.00 equity=Rp 982,029.28
2026-08-29T02:23:23+00:00 price=Rp 42,900,000.00 equity=Rp 982,029.28
2026-08-29T02:24:23+00:00 price=Rp 43,203,000.00 equity=Rp 982,029.28
2026-08-29T02:25:23+00:00 price=Rp 43,203,000.00 equity=Rp 982,029.28
2026-08-29T02:26:23+00:00 price=Rp 43,262,000.00 equity=Rp 982,029.28
2026-08-29T02:27:23+00:00 price=Rp 43,257,000.00 equity=Rp 982,029.28
2026-08-29T02:28:23+00:00 price=Rp 43,257,000.00 equity=Rp 982,029.28
2026-08-29T02:29:24+00:00 price=Rp 43,257,000.00 equity=Rp 982,029.28
2026-08-29T02:30:24+00:00 price=Rp 43,208,000.00 equity=Rp 982,029.28
2026-08-29T02:31:24+00:00 price=Rp 43,208,000.00 equity=Rp 982,029.28
2026-08-29T02:32:24+00:00 price=Rp 43,257,000.00 equity=Rp 982,029.28
2026-08-29T02:33:24+00:00 price=Rp 43,257,000.00 equity=Rp 982,029.28
2026-08-29T02:34:24+00:00 price=Rp 43,204,000.00 equity=Rp 982,029.28
2026-08-29T02:35:24+00:00 price=Rp 43,244,000.00 equity=Rp 982,029.28
2026-08-29T02:36:24+00:00 price=Rp 43,244,000.00 equity=Rp 982,029.28
2026-08-29T02:37:24+00:00 price=Rp 43,257,000.00 equity=Rp 982,029.28
2026-08-29T02:38:24+00:00 price=Rp 43,257,000.00 equity=Rp 982,029.28
2026-08-29T02:39:24+00:00 price=Rp 43,237,000.00 equity=Rp 982,029.28
2026-08-29T02:40:24+00:00 price=Rp 43,257,000.00 equity=Rp 982,029.28
2026-08-29T02:41:24+00:00 price=Rp 43,257,000.00 equity=Rp 982,029.28
2026-08-29T02:42:24+00:00 price=Rp 43,256,000.00 equity=Rp 982,029.28
2026-08-29T02:43:24+00:00 price=Rp 43,257,000.00 equity=Rp 982,029.28
2026-08-29T02:44:24+00:00 price=Rp 43,257,000.00 equity=Rp 982,029.28
2026-08-29T02:45:24+00:00 price=Rp 43,257,000.00 equity=Rp 982,029.28
2026-08-29T02:46:24+00:00 BUY executed (sma_crossover): {'time': '2026-08-29T02:46:24+00:00', 'mode': 'paper', 'side': 'buy', 'reason': 'sma_crossover', 'price': 43257000.0, 'amount': 196405.85588719684, 'asset_after': 0.004526819666632805, 'cash_after': 785623.4235487873}
2026-08-29T02:46:24+00:00 price=Rp 43,257,000.00 equity=Rp 981,440.06
2026-08-29T02:47:24+00:00 price=Rp 43,237,000.00 equity=Rp 981,349.53
2026-08-29T02:48:24+00:00 price=Rp 43,257,000.00 equity=Rp 981,440.06
2026-08-29T02:49:25+00:00 price=Rp 43,262,000.00 equity=Rp 981,462.70
2026-08-29T02:50:25+00:00 price=Rp 43,262,000.00 equity=Rp 981,462.70
2026-08-29T02:51:25+00:00 price=Rp 43,262,000.00 equity=Rp 981,462.70
2026-08-29T02:52:25+00:00 price=Rp 43,262,000.00 equity=Rp 981,462.70
2026-08-29T02:53:25+00:00 price=Rp 43,311,000.00 equity=Rp 981,684.51
2026-08-29T02:54:25+00:00 price=Rp 43,311,000.00 equity=Rp 981,684.51
2026-08-29T02:55:25+00:00 price=Rp 43,311,000.00 equity=Rp 981,684.51
2026-08-29T02:56:25+00:00 price=Rp 43,275,000.00 equity=Rp 981,521.54
2026-08-29T02:57:25+00:00 price=Rp 43,311,000.00 equity=Rp 981,684.51
2026-08-29T02:58:25+00:00 price=Rp 43,311,000.00 equity=Rp 981,684.51
2026-08-29T02:59:25+00:00 price=Rp 43,311,000.00 equity=Rp 981,684.51
2026-08-29T03:00:25+00:00 price=Rp 43,311,000.00 equity=Rp 981,684.51
2026-08-29T03:01:25+00:00 price=Rp 43,311,000.00 equity=Rp 981,684.51
2026-08-29T03:02:25+00:00 price=Rp 43,268,000.00 equity=Rp 981,489.86
2026-08-29T03:03:25+00:00 price=Rp 43,312,000.00 equity=Rp 981,689.04
2026-08-29T03:04:25+00:00 price=Rp 43,312,000.00 equity=Rp 981,689.04
2026-08-29T03:05:25+00:00 price=Rp 43,312,000.00 equity=Rp 981,689.04
2026-08-29T03:06:25+00:00 price=Rp 43,312,000.00 equity=Rp 981,689.04
2026-08-29T03:07:25+00:00 price=Rp 43,312,000.00 equity=Rp 981,689.04
2026-08-29T03:08:26+00:00 price=Rp 43,241,000.00 equity=Rp 981,367.63
2026-08-29T03:09:26+00:00 price=Rp 43,241,000.00 equity=Rp 981,367.63
2026-08-29T03:10:26+00:00 price=Rp 43,250,000.00 equity=Rp 981,408.37
2026-08-29T03:11:26+00:00 price=Rp 43,238,000.00 equity=Rp 981,354.05
2026-08-29T03:12:26+00:00 SELL executed (sma_crossover): {'time': '2026-08-29T03:12:26+00:00', 'mode': 'paper', 'side': 'sell', 'reason': 'sma_crossover', 'price': 43250000.0, 'amount': 0.004526819666632805, 'asset_after': 0.0, 'cash_after': 980821.0192789105}
2026-08-29T03:12:26+00:00 price=Rp 43,250,000.00 equity=Rp 980,821.02
2026-08-29T03:13:26+00:00 price=Rp 43,250,000.00 equity=Rp 980,821.02
2026-08-29T03:14:26+00:00 price=Rp 43,250,000.00 equity=Rp 980,821.02
2026-08-29T03:15:26+00:00 price=Rp 43,250,000.00 equity=Rp 980,821.02
2026-08-29T03:16:26+00:00 price=Rp 43,249,000.00 equity=Rp 980,821.02
2026-08-29T03:17:26+00:00 price=Rp 43,250,000.00 equity=Rp 980,821.02
2026-08-29T03:18:26+00:00 price=Rp 43,249,000.00 equity=Rp 980,821.02
2026-08-29T03:19:26+00:00 price=Rp 43,250,000.00 equity=Rp 980,821.02
2026-08-29T03:20:26+00:00 price=Rp 43,250,000.00 equity=Rp 980,821.02
2026-08-29T03:21:26+00:00 price=Rp 43,223,000.00 equity=Rp 980,821.02
2026-08-29T03:22:26+00:00 price=Rp 43,250,000.00 equity=Rp 980,821.02
2026-08-29T03:23:26+00:00 price=Rp 43,230,000.00 equity=Rp 980,821.02
2026-08-29T03:24:26+00:00 price=Rp 43,250,000.00 equity=Rp 980,821.02
2026-08-29T03:25:26+00:00 price=Rp 43,231,000.00 equity=Rp 980,821.02
2026-08-29T03:26:26+00:00 price=Rp 43,231,000.00 equity=Rp 980,821.02
2026-08-29T03:27:26+00:00 price=Rp 43,231,000.00 equity=Rp 980,821.02
2026-08-29T03:28:27+00:00 price=Rp 43,250,000.00 equity=Rp 980,821.02
2026-08-29T03:29:27+00:00 price=Rp 43,238,000.00 equity=Rp 980,821.02
2026-08-29T03:30:27+00:00 price=Rp 43,238,000.00 equity=Rp 980,821.02
2026-08-29T03:31:27+00:00 price=Rp 43,250,000.00 equity=Rp 980,821.02
2026-08-29T03:32:27+00:00 price=Rp 43,250,000.00 equity=Rp 980,821.02
2026-08-29T03:33:27+00:00 price=Rp 43,250,000.00 equity=Rp 980,821.02
2026-08-29T03:34:27+00:00 price=Rp 43,249,000.00 equity=Rp 980,821.02
2026-08-29T03:35:27+00:00 price=Rp 43,249,000.00 equity=Rp 980,821.02
2026-08-29T03:36:27+00:00 price=Rp 43,238,000.00 equity=Rp 980,821.02
2026-08-29T03:37:27+00:00 BUY executed (sma_crossover): {'time': '2026-08-29T03:37:27+00:00', 'mode': 'paper', 'side': 'buy', 'reason': 'sma_crossover', 'price': 43249000.0, 'amount': 196164.2038557821, 'asset_after': 0.004522086319781146, 'cash_after': 784656.8154231284}
2026-08-29T03:37:27+00:00 price=Rp 43,249,000.00 equity=Rp 980,232.53
2026-08-29T03:38:27+00:00 price=Rp 43,249,000.00 equity=Rp 980,232.53
2026-08-29T03:39:27+00:00 price=Rp 43,240,000.00 equity=Rp 980,191.83
2026-08-29T03:40:27+00:00 price=Rp 43,240,000.00 equity=Rp 980,191.83
2026-08-29T03:41:27+00:00 price=Rp 43,249,000.00 equity=Rp 980,232.53
2026-08-29T03:42:27+00:00 price=Rp 43,249,000.00 equity=Rp 980,232.53
2026-08-29T03:43:27+00:00 price=Rp 43,250,000.00 equity=Rp 980,237.05
2026-08-29T03:44:27+00:00 price=Rp 43,241,000.00 equity=Rp 980,196.35
2026-08-29T03:45:27+00:00 price=Rp 43,250,000.00 equity=Rp 980,237.05
2026-08-29T03:46:27+00:00 price=Rp 43,250,000.00 equity=Rp 980,237.05
2026-08-29T03:47:28+00:00 price=Rp 43,249,000.00 equity=Rp 980,232.53
2026-08-29T03:48:28+00:00 price=Rp 43,250,000.00 equity=Rp 980,237.05
2026-08-29T03:49:28+00:00 price=Rp 43,249,000.00 equity=Rp 980,232.53
2026-08-29T03:50:28+00:00 price=Rp 43,249,000.00 equity=Rp 980,232.53
2026-08-29T03:51:28+00:00 price=Rp 43,249,000.00 equity=Rp 980,232.53
2026-08-29T03:52:28+00:00 price=Rp 43,248,000.00 equity=Rp 980,228.00
2026-08-29T03:53:28+00:00 price=Rp 43,240,000.00 equity=Rp 980,191.83
2026-08-29T03:54:28+00:00 price=Rp 43,238,000.00 equity=Rp 980,182.78
2026-08-29T03:55:28+00:00 price=Rp 43,238,000.00 equity=Rp 980,182.78
2026-08-29T03:56:28+00:00 SELL executed (sma_crossover): {'time': '2026-08-29T03:56:28+00:00', 'mode': 'paper', 'side': 'sell', 'reason': 'sma_crossover', 'price': 43238000.0, 'amount': 0.004522086319781146, 'asset_after': 0.0, 'cash_after': 979596.2058129415}
2026-08-29T03:56:28+00:00 price=Rp 43,238,000.00 equity=Rp 979,596.21
2026-08-29T03:57:28+00:00 price=Rp 43,250,000.00 equity=Rp 979,596.21
2026-08-29T03:58:28+00:00 price=Rp 43,250,000.00 equity=Rp 979,596.21
2026-08-29T03:59:28+00:00 price=Rp 43,206,000.00 equity=Rp 979,596.21
2026-08-29T04:00:28+00:00 price=Rp 43,249,000.00 equity=Rp 979,596.21
2026-08-29T04:01:28+00:00 price=Rp 43,249,000.00 equity=Rp 979,596.21
2026-08-29T04:02:28+00:00 price=Rp 43,249,000.00 equity=Rp 979,596.21
2026-08-29T04:03:28+00:00 price=Rp 43,250,000.00 equity=Rp 979,596.21
2026-08-29T04:04:28+00:00 price=Rp 43,223,000.00 equity=Rp 979,596.21
2026-08-29T04:05:29+00:00 price=Rp 43,245,000.00 equity=Rp 979,596.21
2026-08-29T04:06:29+00:00 price=Rp 43,245,000.00 equity=Rp 979,596.21
2026-08-29T04:07:29+00:00 price=Rp 43,245,000.00 equity=Rp 979,596.21
2026-08-29T04:08:29+00:00 price=Rp 43,245,000.00 equity=Rp 979,596.21
2026-08-29T04:09:29+00:00 price=Rp 43,223,000.00 equity=Rp 979,596.21
2026-08-29T04:10:29+00:00 price=Rp 43,232,000.00 equity=Rp 979,596.21
2026-08-29T04:11:29+00:00 price=Rp 43,250,000.00 equity=Rp 979,596.21
2026-08-29T04:12:29+00:00 price=Rp 43,241,000.00 equity=Rp 979,596.21
2026-08-29T04:13:29+00:00 price=Rp 43,230,000.00 equity=Rp 979,596.21
2026-08-29T04:14:29+00:00 price=Rp 43,233,000.00 equity=Rp 979,596.21
2026-08-29T04:15:29+00:00 price=Rp 43,249,000.00 equity=Rp 979,596.21
2026-08-29T04:16:29+00:00 price=Rp 43,249,000.00 equity=Rp 979,596.21
2026-08-29T04:17:29+00:00 price=Rp 43,249,000.00 equity=Rp 979,596.21
2026-08-29T04:18:29+00:00 price=Rp 43,249,000.00 equity=Rp 979,596.21
2026-08-29T04:19:29+00:00 BUY executed (sma_crossover): {'time': '2026-08-29T04:19:29+00:00', 'mode': 'paper', 'side': 'buy', 'reason': 'sma_crossover', 'price': 43248000.0, 'amount': 195919.24116258833, 'asset_after': 0.004516543734718381, 'cash_after': 783676.9646503532}
2026-08-29T04:19:29+00:00 price=Rp 43,248,000.00 equity=Rp 979,008.45
2026-08-29T04:20:29+00:00 price=Rp 43,250,000.00 equity=Rp 979,017.48
2026-08-29T04:21:29+00:00 price=Rp 43,214,000.00 equity=Rp 978,854.89
2026-08-29T04:22:29+00:00 price=Rp 43,250,000.00 equity=Rp 979,017.48
2026-08-29T04:23:29+00:00 price=Rp 43,250,000.00 equity=Rp 979,017.48
2026-08-29T04:24:30+00:00 price=Rp 43,250,000.00 equity=Rp 979,017.48
2026-08-29T04:25:30+00:00 price=Rp 43,250,000.00 equity=Rp 979,017.48
2026-08-29T04:26:30+00:00 price=Rp 43,250,000.00 equity=Rp 979,017.48
2026-08-29T04:27:30+00:00 price=Rp 43,250,000.00 equity=Rp 979,017.48
2026-08-29T04:28:30+00:00 price=Rp 43,214,000.00 equity=Rp 978,854.89
2026-08-29T04:29:30+00:00 SELL executed (sma_crossover): {'time': '2026-08-29T04:29:30+00:00', 'mode': 'paper', 'side': 'sell', 'reason': 'sma_crossover', 'price': 43214000.0, 'amount': 0.004516543734718381, 'asset_after': 0.0, 'cash_after': 978269.3518396169}
2026-08-29T04:29:30+00:00 price=Rp 43,214,000.00 equity=Rp 978,269.35
2026-08-29T04:30:30+00:00 price=Rp 43,250,000.00 equity=Rp 978,269.35
2026-08-29T04:31:30+00:00 BUY executed (sma_crossover): {'time': '2026-08-29T04:31:30+00:00', 'mode': 'paper', 'side': 'buy', 'reason': 'sma_crossover', 'price': 43250000.0, 'amount': 195653.8703679234, 'asset_after': 0.004510217543510281, 'cash_after': 782615.4814716935}
2026-08-29T04:31:30+00:00 price=Rp 43,250,000.00 equity=Rp 977,682.39
2026-08-29T04:32:30+00:00 price=Rp 43,250,000.00 equity=Rp 977,682.39
2026-08-29T04:33:30+00:00 price=Rp 43,250,000.00 equity=Rp 977,682.39
2026-08-29T04:34:30+00:00 price=Rp 43,308,000.00 equity=Rp 977,943.98
2026-08-29T04:35:30+00:00 price=Rp 43,300,000.00 equity=Rp 977,907.90
2026-08-29T04:36:30+00:00 price=Rp 43,298,000.00 equity=Rp 977,898.88
2026-08-29T04:37:30+00:00 price=Rp 43,298,000.00 equity=Rp 977,898.88
2026-08-29T04:38:30+00:00 price=Rp 43,287,000.00 equity=Rp 977,849.27
2026-08-29T04:39:30+00:00 price=Rp 43,312,000.00 equity=Rp 977,962.02
2026-08-29T04:40:30+00:00 price=Rp 43,299,000.00 equity=Rp 977,903.39
2026-08-29T04:41:31+00:00 price=Rp 43,311,000.00 equity=Rp 977,957.51
2026-08-29T04:42:31+00:00 price=Rp 43,311,000.00 equity=Rp 977,957.51
2026-08-29T04:43:31+00:00 price=Rp 43,251,000.00 equity=Rp 977,686.90
2026-08-29T04:44:31+00:00 price=Rp 43,291,000.00 equity=Rp 977,867.31
2026-08-29T04:45:31+00:00 price=Rp 43,291,000.00 equity=Rp 977,867.31
2026-08-29T04:46:31+00:00 price=Rp 43,251,000.00 equity=Rp 977,686.90
2026-08-29T04:47:31+00:00 price=Rp 43,285,000.00 equity=Rp 977,840.25
2026-08-29T04:48:31+00:00 price=Rp 43,251,000.00 equity=Rp 977,686.90
2026-08-29T04:49:31+00:00 price=Rp 43,286,000.00 equity=Rp 977,844.76
2026-08-29T04:50:31+00:00 price=Rp 43,309,000.00 equity=Rp 977,948.49
2026-08-29T04:51:31+00:00 price=Rp 43,309,000.00 equity=Rp 977,948.49
2026-08-29T04:52:31+00:00 price=Rp 43,309,000.00 equity=Rp 977,948.49
2026-08-29T04:53:31+00:00 price=Rp 43,280,000.00 equity=Rp 977,817.70
2026-08-29T04:54:31+00:00 price=Rp 43,251,000.00 equity=Rp 977,686.90
2026-08-29T04:55:31+00:00 price=Rp 43,309,000.00 equity=Rp 977,948.49
2026-08-29T04:56:31+00:00 price=Rp 43,309,000.00 equity=Rp 977,948.49
2026-08-29T04:57:31+00:00 price=Rp 43,253,000.00 equity=Rp 977,695.92
2026-08-29T04:58:31+00:00 price=Rp 43,309,000.00 equity=Rp 977,948.49
2026-08-29T04:59:31+00:00 price=Rp 43,310,000.00 equity=Rp 977,953.00
2026-08-29T05:00:31+00:00 price=Rp 43,308,000.00 equity=Rp 977,943.98
2026-08-29T05:01:32+00:00 price=Rp 43,304,000.00 equity=Rp 977,925.94
2026-08-29T05:02:32+00:00 price=Rp 43,300,000.00 equity=Rp 977,907.90
2026-08-29T05:03:32+00:00 price=Rp 43,302,000.00 equity=Rp 977,916.92
2026-08-29T05:04:32+00:00 price=Rp 43,298,000.00 equity=Rp 977,898.88
2026-08-29T05:05:32+00:00 price=Rp 43,296,000.00 equity=Rp 977,889.86
2026-08-29T05:06:32+00:00 price=Rp 43,250,000.00 equity=Rp 977,682.39
2026-08-29T05:07:32+00:00 price=Rp 43,296,000.00 equity=Rp 977,889.86
2026-08-29T05:08:32+00:00 price=Rp 43,251,000.00 equity=Rp 977,686.90
2026-08-29T05:09:32+00:00 price=Rp 43,296,000.00 equity=Rp 977,889.86
2026-08-29T05:10:32+00:00 SELL executed (sma_crossover): {'time': '2026-08-29T05:10:32+00:00', 'mode': 'paper', 'side': 'sell', 'reason': 'sma_crossover', 'price': 43253000.0, 'amount': 0.004510217543510281, 'asset_after': 0.0, 'cash_after': 977110.6795629153}
2026-08-29T05:10:32+00:00 price=Rp 43,253,000.00 equity=Rp 977,110.68
2026-08-29T05:11:32+00:00 price=Rp 43,250,000.00 equity=Rp 977,110.68
2026-08-29T05:12:32+00:00 price=Rp 43,250,000.00 equity=Rp 977,110.68
2026-08-29T05:13:32+00:00 price=Rp 43,250,000.00 equity=Rp 977,110.68
2026-08-29T05:14:32+00:00 price=Rp 43,250,000.00 equity=Rp 977,110.68
2026-08-29T05:15:32+00:00 price=Rp 43,253,000.00 equity=Rp 977,110.68
2026-08-29T05:16:32+00:00 price=Rp 43,253,000.00 equity=Rp 977,110.68
2026-08-29T05:17:32+00:00 price=Rp 43,250,000.00 equity=Rp 977,110.68
2026-08-29T05:18:32+00:00 price=Rp 43,250,000.00 equity=Rp 977,110.68
2026-08-29T05:19:32+00:00 price=Rp 43,253,000.00 equity=Rp 977,110.68
2026-08-29T05:20:33+00:00 price=Rp 43,253,000.00 equity=Rp 977,110.68
2026-08-29T05:21:33+00:00 price=Rp 43,244,000.00 equity=Rp 977,110.68
2026-08-29T05:22:33+00:00 price=Rp 43,253,000.00 equity=Rp 977,110.68
2026-08-29T05:23:33+00:00 price=Rp 43,253,000.00 equity=Rp 977,110.68
2026-08-29T05:24:33+00:00 price=Rp 43,253,000.00 equity=Rp 977,110.68
2026-08-29T05:25:33+00:00 price=Rp 43,289,000.00 equity=Rp 977,110.68
2026-08-29T05:26:33+00:00 price=Rp 43,226,000.00 equity=Rp 977,110.68
2026-08-29T05:27:33+00:00 price=Rp 43,226,000.00 equity=Rp 977,110.68
2026-08-29T05:28:33+00:00 price=Rp 43,226,000.00 equity=Rp 977,110.68
2026-08-29T05:29:33+00:00 price=Rp 43,287,000.00 equity=Rp 977,110.68
2026-08-29T05:30:33+00:00 price=Rp 43,226,000.00 equity=Rp 977,110.68
2026-08-29T05:31:33+00:00 price=Rp 43,215,000.00 equity=Rp 977,110.68
2026-08-29T05:32:33+00:00 price=Rp 43,270,000.00 equity=Rp 977,110.68
2026-08-29T05:33:33+00:00 price=Rp 43,209,000.00 equity=Rp 977,110.68
2026-08-29T05:34:33+00:00 price=Rp 43,209,000.00 equity=Rp 977,110.68
2026-08-29T05:35:33+00:00 price=Rp 43,280,000.00 equity=Rp 977,110.68
2026-08-29T05:36:33+00:00 price=Rp 43,217,000.00 equity=Rp 977,110.68
2026-08-29T05:37:33+00:00 price=Rp 43,217,000.00 equity=Rp 977,110.68
2026-08-29T05:38:34+00:00 price=Rp 43,217,000.00 equity=Rp 977,110.68
2026-08-29T05:39:34+00:00 price=Rp 43,287,000.00 equity=Rp 977,110.68
2026-08-29T05:40:34+00:00 price=Rp 43,288,000.00 equity=Rp 977,110.68
2026-08-29T05:41:34+00:00 BUY executed (sma_crossover): {'time': '2026-08-29T05:41:34+00:00', 'mode': 'paper', 'side': 'buy', 'reason': 'sma_crossover', 'price': 43288000.0, 'amount': 195422.1359125831, 'asset_after': 0.004500921029034498, 'cash_after': 781688.5436503323}
2026-08-29T05:41:34+00:00 price=Rp 43,288,000.00 equity=Rp 976,524.41
2026-08-29T05:42:34+00:00 SELL executed (sma_crossover): {'time': '2026-08-29T05:42:34+00:00', 'mode': 'paper', 'side': 'sell', 'reason': 'sma_crossover', 'price': 43210000.0, 'amount': 0.004500921029034498, 'asset_after': 0.0, 'cash_after': 975589.8869219192}
2026-08-29T05:42:34+00:00 price=Rp 43,210,000.00 equity=Rp 975,589.89
2026-08-29T05:43:34+00:00 price=Rp 43,208,000.00 equity=Rp 975,589.89
2026-08-29T05:44:34+00:00 price=Rp 43,209,000.00 equity=Rp 975,589.89
2026-08-29T05:45:34+00:00 price=Rp 43,209,000.00 equity=Rp 975,589.89
2026-08-29T05:46:34+00:00 price=Rp 43,209,000.00 equity=Rp 975,589.89
2026-08-29T05:47:34+00:00 price=Rp 43,209,000.00 equity=Rp 975,589.89
2026-08-29T05:48:34+00:00 price=Rp 43,209,000.00 equity=Rp 975,589.89
2026-08-29T05:49:34+00:00 price=Rp 43,209,000.00 equity=Rp 975,589.89
2026-08-29T05:50:34+00:00 price=Rp 43,206,000.00 equity=Rp 975,589.89
2026-08-29T05:51:34+00:00 price=Rp 43,258,000.00 equity=Rp 975,589.89
2026-08-29T05:52:34+00:00 price=Rp 43,258,000.00 equity=Rp 975,589.89
2026-08-29T05:53:34+00:00 price=Rp 43,248,000.00 equity=Rp 975,589.89
2026-08-29T05:54:34+00:00 price=Rp 43,233,000.00 equity=Rp 975,589.89
2026-08-29T05:55:34+00:00 price=Rp 43,172,000.00 equity=Rp 975,589.89
2026-08-29T05:56:34+00:00 price=Rp 43,172,000.00 equity=Rp 975,589.89
2026-08-29T05:57:35+00:00 price=Rp 43,172,000.00 equity=Rp 975,589.89
2026-08-29T05:58:35+00:00 price=Rp 43,172,000.00 equity=Rp 975,589.89
2026-08-29T05:59:35+00:00 price=Rp 43,244,000.00 equity=Rp 975,589.89
2026-08-29T06:00:35+00:00 price=Rp 43,242,000.00 equity=Rp 975,589.89
2026-08-29T06:01:35+00:00 price=Rp 43,172,000.00 equity=Rp 975,589.89
2026-08-29T06:02:35+00:00 price=Rp 43,220,000.00 equity=Rp 975,589.89
2026-08-29T06:03:35+00:00 price=Rp 43,136,000.00 equity=Rp 975,589.89
2026-08-29T06:04:35+00:00 price=Rp 43,142,000.00 equity=Rp 975,589.89
2026-08-29T06:05:35+00:00 price=Rp 43,142,000.00 equity=Rp 975,589.89
2026-08-29T06:06:35+00:00 price=Rp 43,157,000.00 equity=Rp 975,589.89
2026-08-29T06:07:35+00:00 price=Rp 43,229,000.00 equity=Rp 975,589.89
2026-08-29T06:08:35+00:00 price=Rp 43,141,000.00 equity=Rp 975,589.89
2026-08-29T06:09:35+00:00 price=Rp 43,200,000.00 equity=Rp 975,589.89
2026-08-29T06:10:35+00:00 price=Rp 43,154,000.00 equity=Rp 975,589.89
2026-08-29T06:11:35+00:00 price=Rp 43,153,000.00 equity=Rp 975,589.89
2026-08-29T06:12:35+00:00 price=Rp 43,154,000.00 equity=Rp 975,589.89
2026-08-29T06:13:35+00:00 price=Rp 43,154,000.00 equity=Rp 975,589.89
2026-08-29T06:14:36+00:00 price=Rp 43,153,000.00 equity=Rp 975,589.89
2026-08-29T06:15:36+00:00 price=Rp 43,154,000.00 equity=Rp 975,589.89
Re-screen selected BTCIDR: score=0.00
2026-08-29T06:16:36+00:00 price=Rp 1,376,012,000.00 equity=Rp 975,589.89
2026-08-29T06:17:36+00:00 price=Rp 1,376,013,000.00 equity=Rp 975,589.89
2026-08-29T06:18:36+00:00 price=Rp 1,376,013,000.00 equity=Rp 975,589.89
2026-08-29T06:19:36+00:00 price=Rp 1,376,013,000.00 equity=Rp 975,589.89
2026-08-29T06:20:36+00:00 price=Rp 1,376,013,000.00 equity=Rp 975,589.89
2026-08-29T06:21:36+00:00 price=Rp 1,376,012,000.00 equity=Rp 975,589.89
2026-08-29T06:22:36+00:00 price=Rp 1,376,013,000.00 equity=Rp 975,589.89
2026-08-29T06:23:36+00:00 price=Rp 1,376,012,000.00 equity=Rp 975,589.89
2026-08-29T06:24:36+00:00 price=Rp 1,376,013,000.00 equity=Rp 975,589.89
2026-08-29T06:25:36+00:00 price=Rp 1,376,012,000.00 equity=Rp 975,589.89
2026-08-29T06:26:36+00:00 price=Rp 1,376,012,000.00 equity=Rp 975,589.89
2026-08-29T06:27:36+00:00 price=Rp 1,376,012,000.00 equity=Rp 975,589.89
2026-08-29T06:28:36+00:00 price=Rp 1,376,013,000.00 equity=Rp 975,589.89
2026-08-29T06:29:36+00:00 price=Rp 1,376,012,000.00 equity=Rp 975,589.89
2026-08-29T06:30:36+00:00 price=Rp 1,376,013,000.00 equity=Rp 975,589.89
2026-08-29T06:31:36+00:00 price=Rp 1,376,013,000.00 equity=Rp 975,589.89
2026-08-29T06:32:36+00:00 price=Rp 1,376,012,000.00 equity=Rp 975,589.89
2026-08-29T06:33:36+00:00 price=Rp 1,376,012,000.00 equity=Rp 975,589.89
2026-08-29T06:34:36+00:00 price=Rp 1,376,012,000.00 equity=Rp 975,589.89
2026-08-29T06:35:37+00:00 price=Rp 1,376,013,000.00 equity=Rp 975,589.89
2026-08-29T06:36:37+00:00 price=Rp 1,376,013,000.00 equity=Rp 975,589.89
2026-08-29T06:37:37+00:00 price=Rp 1,376,013,000.00 equity=Rp 975,589.89
2026-08-29T06:38:37+00:00 price=Rp 1,376,012,000.00 equity=Rp 975,589.89
2026-08-29T06:39:37+00:00 price=Rp 1,376,012,000.00 equity=Rp 975,589.89
2026-08-29T06:40:37+00:00 price=Rp 1,376,012,000.00 equity=Rp 975,589.89
2026-08-29T06:41:37+00:00 price=Rp 1,376,012,000.00 equity=Rp 975,589.89
2026-08-29T06:42:37+00:00 price=Rp 1,376,012,000.00 equity=Rp 975,589.89
2026-08-29T06:43:37+00:00 price=Rp 1,376,013,000.00 equity=Rp 975,589.89
2026-08-29T06:44:37+00:00 BUY executed (sma_crossover): {'time': '2026-08-29T06:44:37+00:00', 'mode': 'paper', 'side': 'buy', 'reason': 'sma_crossover', 'price': 1376013000.0, 'amount': 195117.97738438385, 'asset_after': 0.0001413741174336512, 'cash_after': 780471.9095375354}
2026-08-29T06:44:37+00:00 price=Rp 1,376,013,000.00 equity=Rp 975,004.53
2026-08-29T06:45:37+00:00 price=Rp 1,376,013,000.00 equity=Rp 975,004.53
2026-08-29T06:46:37+00:00 SELL executed (sma_crossover): {'time': '2026-08-29T06:46:37+00:00', 'mode': 'paper', 'side': 'sell', 'reason': 'sma_crossover', 'price': 1376013000.0, 'amount': 0.0001413741174336512, 'asset_after': 0.0, 'cash_after': 974420.9351194093}
2026-08-29T06:46:37+00:00 price=Rp 1,376,013,000.00 equity=Rp 974,420.94
2026-08-29T06:47:37+00:00 price=Rp 1,376,013,000.00 equity=Rp 974,420.94
2026-08-29T06:48:37+00:00 price=Rp 1,376,012,000.00 equity=Rp 974,420.94
2026-08-29T06:49:37+00:00 BUY executed (sma_crossover): {'time': '2026-08-29T06:49:37+00:00', 'mode': 'paper', 'side': 'buy', 'reason': 'sma_crossover', 'price': 1376012000.0, 'amount': 194884.18702388188, 'asset_after': 0.00014120482558495874, 'cash_after': 779536.7480955275}
2026-08-29T06:49:37+00:00 price=Rp 1,376,012,000.00 equity=Rp 973,836.28
2026-08-29T06:50:37+00:00 price=Rp 1,376,012,000.00 equity=Rp 973,836.28
2026-08-29T06:51:37+00:00 price=Rp 1,376,013,000.00 equity=Rp 973,836.42
2026-08-29T06:52:37+00:00 price=Rp 1,376,012,000.00 equity=Rp 973,836.28
2026-08-29T06:53:37+00:00 price=Rp 1,376,012,000.00 equity=Rp 973,836.28
2026-08-29T06:54:37+00:00 price=Rp 1,376,012,000.00 equity=Rp 973,836.28
2026-08-29T06:55:37+00:00 SELL executed (sma_crossover): {'time': '2026-08-29T06:55:37+00:00', 'mode': 'paper', 'side': 'sell', 'reason': 'sma_crossover', 'price': 1376013000.0, 'amount': 0.00014120482558495874, 'asset_after': 0.0, 'cash_after': 973253.5247361604}
2026-08-29T06:55:37+00:00 price=Rp 1,376,013,000.00 equity=Rp 973,253.52
2026-08-29T06:56:37+00:00 price=Rp 1,376,012,000.00 equity=Rp 973,253.52
2026-08-29T06:57:37+00:00 price=Rp 1,376,013,000.00 equity=Rp 973,253.52
2026-08-29T06:58:37+00:00 price=Rp 1,376,012,000.00 equity=Rp 973,253.52
2026-08-29T06:59:38+00:00 price=Rp 1,376,013,000.00 equity=Rp 973,253.52
2026-08-29T07:00:38+00:00 BUY executed (sma_crossover): {'time': '2026-08-29T07:00:38+00:00', 'mode': 'paper', 'side': 'buy', 'reason': 'sma_crossover', 'price': 1376013000.0, 'amount': 194650.7049472321, 'asset_after': 0.00014103555186788962, 'cash_after': 778602.8197889284}
2026-08-29T07:00:38+00:00 price=Rp 1,376,013,000.00 equity=Rp 972,669.57
2026-08-29T07:01:38+00:00 SELL executed (sma_crossover): {'time': '2026-08-29T07:01:38+00:00', 'mode': 'paper', 'side': 'sell', 'reason': 'sma_crossover', 'price': 1376012000.0, 'amount': 0.00014103555186788962, 'asset_after': 0.0, 'cash_after': 972087.2317503764}
2026-08-29T07:01:38+00:00 price=Rp 1,376,012,000.00 equity=Rp 972,087.23
2026-08-29T07:02:38+00:00 price=Rp 1,376,012,000.00 equity=Rp 972,087.23
2026-08-29T07:03:38+00:00 BUY executed (sma_crossover): {'time': '2026-08-29T07:03:38+00:00', 'mode': 'paper', 'side': 'buy', 'reason': 'sma_crossover', 'price': 1376013000.0, 'amount': 194417.4463500753, 'asset_after': 0.0001408665426932922, 'cash_after': 777669.7854003011}
2026-08-29T07:03:38+00:00 price=Rp 1,376,013,000.00 equity=Rp 971,503.98
2026-08-29T07:04:38+00:00 price=Rp 1,376,013,000.00 equity=Rp 971,503.98
2026-08-29T07:05:38+00:00 price=Rp 1,376,012,000.00 equity=Rp 971,503.84
2026-08-29T07:06:38+00:00 price=Rp 1,376,013,000.00 equity=Rp 971,503.98
2026-08-29T07:07:38+00:00 price=Rp 1,376,012,000.00 equity=Rp 971,503.84
2026-08-29T07:08:38+00:00 price=Rp 1,376,013,000.00 equity=Rp 971,503.98
2026-08-29T07:09:38+00:00 price=Rp 1,376,012,000.00 equity=Rp 971,503.84
2026-08-29T07:10:38+00:00 price=Rp 1,376,013,000.00 equity=Rp 971,503.98
2026-08-29T07:11:38+00:00 BUY executed (sma_crossover): {'time': '2026-08-29T07:11:38+00:00', 'mode': 'paper', 'side': 'buy', 'reason': 'sma_crossover', 'price': 1376013000.0, 'amount': 155533.95708006024, 'asset_after': 0.00025355977684792593, 'cash_after': 622135.8283202408}
2026-08-29T07:11:38+00:00 price=Rp 1,376,013,000.00 equity=Rp 971,037.38
2026-08-29T07:12:38+00:00 price=Rp 1,376,013,000.00 equity=Rp 971,037.38
2026-08-29T07:13:38+00:00 price=Rp 1,376,012,000.00 equity=Rp 971,037.12
2026-08-29T07:14:38+00:00 price=Rp 1,376,013,000.00 equity=Rp 971,037.38
2026-08-29T07:15:38+00:00 price=Rp 1,376,013,000.00 equity=Rp 971,037.38
2026-08-29T07:16:38+00:00 price=Rp 1,376,012,000.00 equity=Rp 971,037.12
2026-08-29T07:17:38+00:00 price=Rp 1,376,012,000.00 equity=Rp 971,037.12
2026-08-29T07:18:38+00:00 price=Rp 1,376,012,000.00 equity=Rp 971,037.12
2026-08-29T07:19:38+00:00 price=Rp 1,376,013,000.00 equity=Rp 971,037.38
2026-08-29T07:20:38+00:00 price=Rp 1,376,013,000.00 equity=Rp 971,037.38
2026-08-29T07:21:38+00:00 price=Rp 1,376,013,000.00 equity=Rp 971,037.38
2026-08-29T07:22:38+00:00 price=Rp 1,376,013,000.00 equity=Rp 971,037.38
2026-08-29T07:23:38+00:00 price=Rp 1,376,012,000.00 equity=Rp 971,037.12
2026-08-29T07:24:39+00:00 SELL executed (sma_crossover): {'time': '2026-08-29T07:24:39+00:00', 'mode': 'paper', 'side': 'sell', 'reason': 'sma_crossover', 'price': 1376012000.0, 'amount': 0.00025355977684792593, 'asset_after': 0.0, 'cash_after': 969990.4200933289}
2026-08-29T07:24:39+00:00 price=Rp 1,376,012,000.00 equity=Rp 969,990.42
2026-08-29T07:25:39+00:00 price=Rp 1,376,013,000.00 equity=Rp 969,990.42
2026-08-29T07:26:39+00:00 price=Rp 1,376,013,000.00 equity=Rp 969,990.42
2026-08-29T07:27:39+00:00 BUY executed (sma_crossover): {'time': '2026-08-29T07:27:39+00:00', 'mode': 'paper', 'side': 'buy', 'reason': 'sma_crossover', 'price': 1376013000.0, 'amount': 193998.0840186658, 'asset_after': 0.0001405626907351964, 'cash_after': 775992.3360746631}
2026-08-29T07:27:39+00:00 price=Rp 1,376,013,000.00 equity=Rp 969,408.43
2026-08-29T07:28:39+00:00 price=Rp 1,376,013,000.00 equity=Rp 969,408.43
2026-08-29T07:29:39+00:00 price=Rp 1,376,012,000.00 equity=Rp 969,408.29
2026-08-29T07:30:39+00:00 price=Rp 1,376,013,000.00 equity=Rp 969,408.43
2026-08-29T07:31:39+00:00 price=Rp 1,376,013,000.00 equity=Rp 969,408.43
2026-08-29T07:32:39+00:00 price=Rp 1,376,013,000.00 equity=Rp 969,408.43
2026-08-29T07:33:39+00:00 price=Rp 1,376,013,000.00 equity=Rp 969,408.43
2026-08-29T07:34:39+00:00 price=Rp 1,376,013,000.00 equity=Rp 969,408.43
2026-08-29T07:35:39+00:00 price=Rp 1,376,013,000.00 equity=Rp 969,408.43
2026-08-29T07:36:39+00:00 price=Rp 1,376,012,000.00 equity=Rp 969,408.29
2026-08-29T07:37:39+00:00 price=Rp 1,376,013,000.00 equity=Rp 969,408.43
2026-08-29T07:38:39+00:00 price=Rp 1,376,013,000.00 equity=Rp 969,408.43
2026-08-29T07:39:39+00:00 price=Rp 1,376,013,000.00 equity=Rp 969,408.43
2026-08-29T07:40:39+00:00 price=Rp 1,376,013,000.00 equity=Rp 969,408.43
2026-08-29T07:41:39+00:00 price=Rp 1,376,012,000.00 equity=Rp 969,408.29
2026-08-29T07:42:39+00:00 price=Rp 1,376,013,000.00 equity=Rp 969,408.43
2026-08-29T07:43:39+00:00 price=Rp 1,376,012,000.00 equity=Rp 969,408.29
2026-08-29T07:44:40+00:00 price=Rp 1,376,013,000.00 equity=Rp 969,408.43
2026-08-29T07:45:40+00:00 SELL executed (sma_crossover): {'time': '2026-08-29T07:45:40+00:00', 'mode': 'paper', 'side': 'sell', 'reason': 'sma_crossover', 'price': 1376012000.0, 'amount': 0.0001405626907351964, 'asset_after': 0.0, 'cash_after': 968828.0374309705}
2026-08-29T07:45:40+00:00 price=Rp 1,376,012,000.00 equity=Rp 968,828.04
2026-08-29T07:46:40+00:00 price=Rp 1,376,013,000.00 equity=Rp 968,828.04
2026-08-29T07:47:40+00:00 price=Rp 1,376,013,000.00 equity=Rp 968,828.04
2026-08-29T07:48:40+00:00 price=Rp 1,376,012,000.00 equity=Rp 968,828.04
2026-08-29T07:49:40+00:00 price=Rp 1,376,013,000.00 equity=Rp 968,828.04
2026-08-29T07:50:40+00:00 price=Rp 1,376,012,000.00 equity=Rp 968,828.04
2026-08-29T07:51:40+00:00 price=Rp 1,376,013,000.00 equity=Rp 968,828.04
2026-08-29T07:52:40+00:00 price=Rp 1,376,013,000.00 equity=Rp 968,828.04
2026-08-29T07:53:40+00:00 price=Rp 1,376,013,000.00 equity=Rp 968,828.04
2026-08-29T07:54:40+00:00 price=Rp 1,376,012,000.00 equity=Rp 968,828.04
2026-08-29T07:55:40+00:00 price=Rp 1,376,013,000.00 equity=Rp 968,828.04
2026-08-29T07:56:40+00:00 price=Rp 1,376,013,000.00 equity=Rp 968,828.04
2026-08-29T07:57:40+00:00 price=Rp 1,376,012,000.00 equity=Rp 968,828.04
2026-08-29T07:58:40+00:00 price=Rp 1,376,013,000.00 equity=Rp 968,828.04
2026-08-29T07:59:40+00:00 price=Rp 1,376,012,000.00 equity=Rp 968,828.04
2026-08-29T08:00:40+00:00 price=Rp 1,376,013,000.00 equity=Rp 968,828.04
2026-08-29T08:01:40+00:00 price=Rp 1,376,012,000.00 equity=Rp 968,828.04
2026-08-29T08:02:40+00:00 price=Rp 1,376,012,000.00 equity=Rp 968,828.04
2026-08-29T08:03:40+00:00 price=Rp 1,376,012,000.00 equity=Rp 968,828.04
2026-08-29T08:04:40+00:00 price=Rp 1,376,012,000.00 equity=Rp 968,828.04
2026-08-29T08:05:40+00:00 price=Rp 1,376,012,000.00 equity=Rp 968,828.04
2026-08-29T08:06:40+00:00 price=Rp 1,376,013,000.00 equity=Rp 968,828.04
2026-08-29T08:07:40+00:00 price=Rp 1,376,013,000.00 equity=Rp 968,828.04
2026-08-29T08:08:40+00:00 price=Rp 1,376,012,000.00 equity=Rp 968,828.04
2026-08-29T08:09:40+00:00 price=Rp 1,376,013,000.00 equity=Rp 968,828.04
2026-08-29T08:10:40+00:00 price=Rp 1,376,013,000.00 equity=Rp 968,828.04
2026-08-29T08:11:40+00:00 price=Rp 1,376,012,000.00 equity=Rp 968,828.04
2026-08-29T08:12:40+00:00 price=Rp 1,376,012,000.00 equity=Rp 968,828.04
2026-08-29T08:13:41+00:00 price=Rp 1,376,013,000.00 equity=Rp 968,828.04
2026-08-29T08:14:41+00:00 price=Rp 1,376,012,000.00 equity=Rp 968,828.04
2026-08-29T08:15:41+00:00 BUY executed (sma_crossover): {'time': '2026-08-29T08:15:41+00:00', 'mode': 'paper', 'side': 'buy', 'reason': 'sma_crossover', 'price': 1376013000.0, 'amount': 193765.60748619412, 'asset_after': 0.00014039424821112557, 'cash_after': 775062.4299447763}
2026-08-29T08:15:41+00:00 price=Rp 1,376,013,000.00 equity=Rp 968,246.74
2026-08-29T08:16:41+00:00 price=Rp 1,376,013,000.00 equity=Rp 968,246.74
2026-08-29T08:17:41+00:00 price=Rp 1,376,012,000.00 equity=Rp 968,246.60
2026-08-29T08:18:42+00:00 BUY executed (sma_crossover): {'time': '2026-08-29T08:18:42+00:00', 'mode': 'paper', 'side': 'buy', 'reason': 'sma_crossover', 'price': 1376013000.0, 'amount': 155012.48598895528, 'asset_after': 0.000252709646780026, 'cash_after': 620049.9439558211}
2026-08-29T08:18:42+00:00 price=Rp 1,376,013,000.00 equity=Rp 967,781.70
2026-08-29T08:19:42+00:00 price=Rp 1,376,012,000.00 equity=Rp 967,781.45
2026-08-29T08:20:42+00:00 SELL executed (sma_crossover): {'time': '2026-08-29T08:20:42+00:00', 'mode': 'paper', 'side': 'sell', 'reason': 'sma_crossover', 'price': 1376013000.0, 'amount': 0.000252709646780026, 'asset_after': 0.0, 'cash_after': 966738.5078729608}
2026-08-29T08:20:42+00:00 price=Rp 1,376,013,000.00 equity=Rp 966,738.51
2026-08-29T08:21:42+00:00 BUY executed (sma_crossover): {'time': '2026-08-29T08:21:42+00:00', 'mode': 'paper', 'side': 'buy', 'reason': 'sma_crossover', 'price': 1376013000.0, 'amount': 193347.70157459215, 'asset_after': 0.00014009145151235372, 'cash_after': 773390.8062983686}
2026-08-29T08:21:42+00:00 price=Rp 1,376,013,000.00 equity=Rp 966,158.46
2026-08-29T08:22:42+00:00 price=Rp 1,376,012,000.00 equity=Rp 966,158.32
2026-08-29T08:23:42+00:00 price=Rp 1,376,013,000.00 equity=Rp 966,158.46
2026-08-29T08:24:42+00:00 price=Rp 1,376,013,000.00 equity=Rp 966,158.46
2026-08-29T08:25:42+00:00 price=Rp 1,376,013,000.00 equity=Rp 966,158.46
2026-08-29T08:26:42+00:00 price=Rp 1,376,012,000.00 equity=Rp 966,158.32
2026-08-29T08:27:42+00:00 price=Rp 1,376,013,000.00 equity=Rp 966,158.46
2026-08-29T08:28:42+00:00 price=Rp 1,376,012,000.00 equity=Rp 966,158.32
2026-08-29T08:29:42+00:00 price=Rp 1,376,012,000.00 equity=Rp 966,158.32
2026-08-29T08:30:42+00:00 price=Rp 1,376,012,000.00 equity=Rp 966,158.32
2026-08-29T08:31:42+00:00 price=Rp 1,376,013,000.00 equity=Rp 966,158.46
2026-08-29T08:32:42+00:00 price=Rp 1,376,012,000.00 equity=Rp 966,158.32
2026-08-29T08:33:42+00:00 SELL executed (sma_crossover): {'time': '2026-08-29T08:33:42+00:00', 'mode': 'paper', 'side': 'sell', 'reason': 'sma_crossover', 'price': 1376012000.0, 'amount': 0.00014009145151235372, 'asset_after': 0.0, 'cash_after': 965580.0221216502}
2026-08-29T08:33:42+00:00 price=Rp 1,376,012,000.00 equity=Rp 965,580.02
2026-08-29T08:34:42+00:00 price=Rp 1,376,013,000.00 equity=Rp 965,580.02
2026-08-29T08:35:42+00:00 price=Rp 1,376,012,000.00 equity=Rp 965,580.02
2026-08-29T08:36:42+00:00 price=Rp 1,376,013,000.00 equity=Rp 965,580.02
2026-08-29T08:37:42+00:00 price=Rp 1,376,012,000.00 equity=Rp 965,580.02
2026-08-29T08:38:42+00:00 price=Rp 1,376,012,000.00 equity=Rp 965,580.02
2026-08-29T08:39:42+00:00 price=Rp 1,376,013,000.00 equity=Rp 965,580.02
2026-08-29T08:40:43+00:00 price=Rp 1,376,013,000.00 equity=Rp 965,580.02
2026-08-29T08:41:43+00:00 price=Rp 1,376,012,000.00 equity=Rp 965,580.02
2026-08-29T08:42:43+00:00 price=Rp 1,376,012,000.00 equity=Rp 965,580.02
2026-08-29T08:43:44+00:00 price=Rp 1,376,012,000.00 equity=Rp 965,580.02
2026-08-29T08:44:44+00:00 price=Rp 1,376,012,000.00 equity=Rp 965,580.02
2026-08-29T08:45:44+00:00 price=Rp 1,376,012,000.00 equity=Rp 965,580.02
2026-08-29T08:46:44+00:00 price=Rp 1,376,013,000.00 equity=Rp 965,580.02
2026-08-29T08:47:44+00:00 price=Rp 1,376,012,000.00 equity=Rp 965,580.02
2026-08-29T08:48:44+00:00 price=Rp 1,376,012,000.00 equity=Rp 965,580.02
2026-08-29T08:49:44+00:00 price=Rp 1,376,012,000.00 equity=Rp 965,580.02
2026-08-29T08:50:44+00:00 price=Rp 1,376,013,000.00 equity=Rp 965,580.02
2026-08-29T08:51:44+00:00 price=Rp 1,376,012,000.00 equity=Rp 965,580.02
2026-08-29T08:52:44+00:00 price=Rp 1,376,013,000.00 equity=Rp 965,580.02
2026-08-29T08:53:44+00:00 price=Rp 1,376,013,000.00 equity=Rp 965,580.02
2026-08-29T08:54:44+00:00 BUY executed (sma_crossover): {'time': '2026-08-29T08:54:44+00:00', 'mode': 'paper', 'side': 'buy', 'reason': 'sma_crossover', 'price': 1376013000.0, 'amount': 193116.00442433005, 'asset_after': 0.00013992357369520278, 'cash_after': 772464.0176973201}
2026-08-29T08:54:44+00:00 price=Rp 1,376,013,000.00 equity=Rp 965,000.67
2026-08-29T08:55:44+00:00 price=Rp 1,376,013,000.00 equity=Rp 965,000.67
2026-08-29T08:56:44+00:00 price=Rp 1,376,012,000.00 equity=Rp 965,000.53
2026-08-29T08:57:44+00:00 price=Rp 1,376,013,000.00 equity=Rp 965,000.67
2026-08-29T08:58:44+00:00 price=Rp 1,376,013,000.00 equity=Rp 965,000.67
2026-08-29T08:59:44+00:00 price=Rp 1,376,013,000.00 equity=Rp 965,000.67
2026-08-29T09:00:44+00:00 price=Rp 1,376,013,000.00 equity=Rp 965,000.67
2026-08-29T09:01:45+00:00 price=Rp 1,376,013,000.00 equity=Rp 965,000.67
2026-08-29T09:02:45+00:00 price=Rp 1,376,013,000.00 equity=Rp 965,000.67
2026-08-29T09:03:45+00:00 price=Rp 1,376,013,000.00 equity=Rp 965,000.67
2026-08-29T09:04:45+00:00 price=Rp 1,376,013,000.00 equity=Rp 965,000.67
2026-08-29T09:05:45+00:00 price=Rp 1,376,012,000.00 equity=Rp 965,000.53
2026-08-29T09:06:45+00:00 price=Rp 1,376,013,000.00 equity=Rp 965,000.67
2026-08-29T09:07:45+00:00 price=Rp 1,376,013,000.00 equity=Rp 965,000.67
2026-08-29T09:08:46+00:00 price=Rp 1,376,012,000.00 equity=Rp 965,000.53
2026-08-29T09:09:46+00:00 price=Rp 1,376,012,000.00 equity=Rp 965,000.53
2026-08-29T09:10:46+00:00 price=Rp 1,376,013,000.00 equity=Rp 965,000.67
2026-08-29T09:11:46+00:00 price=Rp 1,376,012,000.00 equity=Rp 965,000.53
2026-08-29T09:12:46+00:00 price=Rp 1,376,013,000.00 equity=Rp 965,000.67
2026-08-29T09:13:46+00:00 SELL executed (sma_crossover): {'time': '2026-08-29T09:13:46+00:00', 'mode': 'paper', 'side': 'sell', 'reason': 'sma_crossover', 'price': 1376013000.0, 'amount': 0.00013992357369520278, 'asset_after': 0.0, 'cash_after': 964423.064139144}
2026-08-29T09:13:46+00:00 price=Rp 1,376,013,000.00 equity=Rp 964,423.06
2026-08-29T09:14:46+00:00 price=Rp 1,376,012,000.00 equity=Rp 964,423.06
2026-08-29T09:15:46+00:00 price=Rp 1,376,012,000.00 equity=Rp 964,423.06
2026-08-29T09:16:46+00:00 price=Rp 1,376,012,000.00 equity=Rp 964,423.06
2026-08-29T09:17:46+00:00 price=Rp 1,376,013,000.00 equity=Rp 964,423.06
2026-08-29T09:18:46+00:00 price=Rp 1,376,012,000.00 equity=Rp 964,423.06
2026-08-29T09:19:46+00:00 price=Rp 1,376,012,000.00 equity=Rp 964,423.06
2026-08-29T09:20:46+00:00 price=Rp 1,376,012,000.00 equity=Rp 964,423.06
2026-08-29T09:21:46+00:00 price=Rp 1,376,012,000.00 equity=Rp 964,423.06
2026-08-29T09:22:46+00:00 price=Rp 1,376,013,000.00 equity=Rp 964,423.06
2026-08-29T09:23:46+00:00 price=Rp 1,376,013,000.00 equity=Rp 964,423.06
2026-08-29T09:24:46+00:00 price=Rp 1,376,012,000.00 equity=Rp 964,423.06
2026-08-29T09:25:46+00:00 price=Rp 1,376,013,000.00 equity=Rp 964,423.06
2026-08-29T09:26:46+00:00 price=Rp 1,376,012,000.00 equity=Rp 964,423.06
2026-08-29T09:27:46+00:00 price=Rp 1,376,013,000.00 equity=Rp 964,423.06
2026-08-29T09:28:46+00:00 price=Rp 1,376,012,000.00 equity=Rp 964,423.06
2026-08-29T09:29:46+00:00 price=Rp 1,376,012,000.00 equity=Rp 964,423.06
2026-08-29T09:30:46+00:00 price=Rp 1,376,013,000.00 equity=Rp 964,423.06
2026-08-29T09:31:46+00:00 BUY executed (sma_crossover): {'time': '2026-08-29T09:31:46+00:00', 'mode': 'paper', 'side': 'buy', 'reason': 'sma_crossover', 'price': 1376013000.0, 'amount': 192884.61282782882, 'asset_after': 0.00013975591726920117, 'cash_after': 771538.4513113152}
2026-08-29T09:31:46+00:00 price=Rp 1,376,013,000.00 equity=Rp 963,844.41
2026-08-29T09:32:46+00:00 price=Rp 1,376,012,000.00 equity=Rp 963,844.27
2026-08-29T09:33:46+00:00 price=Rp 1,376,013,000.00 equity=Rp 963,844.41
2026-08-29T09:34:46+00:00 price=Rp 1,376,013,000.00 equity=Rp 963,844.41
2026-08-29T09:35:46+00:00 price=Rp 1,376,012,000.00 equity=Rp 963,844.27
2026-08-29T09:36:46+00:00 price=Rp 1,376,013,000.00 equity=Rp 963,844.41
2026-08-29T09:37:46+00:00 price=Rp 1,376,012,000.00 equity=Rp 963,844.27
2026-08-29T09:38:46+00:00 price=Rp 1,376,013,000.00 equity=Rp 963,844.41
2026-08-29T09:39:46+00:00 price=Rp 1,376,012,000.00 equity=Rp 963,844.27
2026-08-29T09:40:46+00:00 price=Rp 1,376,013,000.00 equity=Rp 963,844.41
2026-08-29T09:41:46+00:00 price=Rp 1,376,013,000.00 equity=Rp 963,844.41
2026-08-29T09:42:47+00:00 price=Rp 1,376,012,000.00 equity=Rp 963,844.27
2026-08-29T09:43:47+00:00 price=Rp 1,376,012,000.00 equity=Rp 963,844.27
2026-08-29T09:44:47+00:00 price=Rp 1,376,013,000.00 equity=Rp 963,844.41
2026-08-29T09:45:47+00:00 price=Rp 1,376,012,000.00 equity=Rp 963,844.27
2026-08-29T09:46:47+00:00 SELL executed (sma_crossover): {'time': '2026-08-29T09:46:47+00:00', 'mode': 'paper', 'side': 'sell', 'reason': 'sma_crossover', 'price': 1376012000.0, 'amount': 0.00013975591726920117, 'asset_after': 0.0, 'cash_after': 963267.3530870429}
2026-08-29T09:46:47+00:00 price=Rp 1,376,012,000.00 equity=Rp 963,267.35
2026-08-29T09:47:47+00:00 BUY executed (sma_crossover): {'time': '2026-08-29T09:47:47+00:00', 'mode': 'paper', 'side': 'buy', 'reason': 'sma_crossover', 'price': 1376013000.0, 'amount': 192653.4706174086, 'asset_after': 0.00013958844153765725, 'cash_after': 770613.8824696343}
2026-08-29T09:47:47+00:00 price=Rp 1,376,013,000.00 equity=Rp 962,689.39
2026-08-29T09:48:47+00:00 price=Rp 1,376,013,000.00 equity=Rp 962,689.39
2026-08-29T09:49:47+00:00 price=Rp 1,376,012,000.00 equity=Rp 962,689.25
2026-08-29T09:50:47+00:00 SELL executed (sma_crossover): {'time': '2026-08-29T09:50:47+00:00', 'mode': 'paper', 'side': 'sell', 'reason': 'sma_crossover', 'price': 1376013000.0, 'amount': 0.00013958844153765725, 'asset_after': 0.0, 'cash_after': 962113.166144574}
2026-08-29T09:50:47+00:00 price=Rp 1,376,013,000.00 equity=Rp 962,113.17
2026-08-29T09:51:47+00:00 price=Rp 1,376,013,000.00 equity=Rp 962,113.17
2026-08-29T09:52:48+00:00 BUY executed (sma_crossover): {'time': '2026-08-29T09:52:48+00:00', 'mode': 'paper', 'side': 'buy', 'reason': 'sma_crossover', 'price': 1376013000.0, 'amount': 192422.6332289148, 'asset_after': 0.00013942118666700684, 'cash_after': 769690.5329156591}
2026-08-29T09:52:48+00:00 price=Rp 1,376,013,000.00 equity=Rp 961,535.90
2026-08-29T09:53:48+00:00 price=Rp 1,376,012,000.00 equity=Rp 961,535.76
2026-08-29T09:54:48+00:00 price=Rp 1,376,013,000.00 equity=Rp 961,535.90
2026-08-29T09:55:48+00:00 price=Rp 1,376,012,000.00 equity=Rp 961,535.76
2026-08-29T09:56:48+00:00 price=Rp 1,376,013,000.00 equity=Rp 961,535.90
2026-08-29T09:57:48+00:00 price=Rp 1,376,012,000.00 equity=Rp 961,535.76
2026-08-29T09:58:48+00:00 price=Rp 1,376,013,000.00 equity=Rp 961,535.90
2026-08-29T09:59:48+00:00 price=Rp 1,376,012,000.00 equity=Rp 961,535.76
2026-08-29T10:00:48+00:00 price=Rp 1,376,013,000.00 equity=Rp 961,535.90
2026-08-29T10:01:48+00:00 SELL executed (sma_crossover): {'time': '2026-08-29T10:01:48+00:00', 'mode': 'paper', 'side': 'sell', 'reason': 'sma_crossover', 'price': 1376012000.0, 'amount': 0.00013942118666700684, 'asset_after': 0.0, 'cash_after': 960960.2231459764}
2026-08-29T10:01:48+00:00 price=Rp 1,376,012,000.00 equity=Rp 960,960.22
2026-08-29T10:02:48+00:00 price=Rp 1,376,012,000.00 equity=Rp 960,960.22
2026-08-29T10:03:48+00:00 price=Rp 1,376,013,000.00 equity=Rp 960,960.22
2026-08-29T10:04:48+00:00 price=Rp 1,376,013,000.00 equity=Rp 960,960.22
2026-08-29T10:05:48+00:00 price=Rp 1,376,012,000.00 equity=Rp 960,960.22
2026-08-29T10:06:48+00:00 price=Rp 1,376,013,000.00 equity=Rp 960,960.22
2026-08-29T10:07:48+00:00 BUY executed (sma_crossover): {'time': '2026-08-29T10:07:48+00:00', 'mode': 'paper', 'side': 'buy', 'reason': 'sma_crossover', 'price': 1376013000.0, 'amount': 192192.0446291953, 'asset_after': 0.00013925411205803124, 'cash_after': 768768.1785167812}
2026-08-29T10:07:48+00:00 price=Rp 1,376,013,000.00 equity=Rp 960,383.65
2026-08-29T10:08:48+00:00 price=Rp 1,376,013,000.00 equity=Rp 960,383.65
2026-08-29T10:09:48+00:00 price=Rp 1,376,012,000.00 equity=Rp 960,383.51
2026-08-29T10:10:49+00:00 price=Rp 1,376,013,000.00 equity=Rp 960,383.65
2026-08-29T10:11:49+00:00 price=Rp 1,376,012,000.00 equity=Rp 960,383.51
2026-08-29T10:12:49+00:00 price=Rp 1,376,013,000.00 equity=Rp 960,383.65
2026-08-29T10:13:49+00:00 price=Rp 1,376,012,000.00 equity=Rp 960,383.51
2026-08-29T10:14:49+00:00 price=Rp 1,376,013,000.00 equity=Rp 960,383.65
2026-08-29T10:15:49+00:00 price=Rp 1,376,012,000.00 equity=Rp 960,383.51
2026-08-29T10:16:49+00:00 price=Rp 1,376,013,000.00 equity=Rp 960,383.65
2026-08-29T10:17:50+00:00 price=Rp 1,376,013,000.00 equity=Rp 960,383.65
2026-08-29T10:18:50+00:00 price=Rp 1,376,013,000.00 equity=Rp 960,383.65
2026-08-29T10:19:50+00:00 price=Rp 1,376,012,000.00 equity=Rp 960,383.51
2026-08-29T10:20:50+00:00 price=Rp 1,376,013,000.00 equity=Rp 960,383.65
2026-08-29T10:21:50+00:00 BUY executed (sma_crossover): {'time': '2026-08-29T10:21:50+00:00', 'mode': 'paper', 'side': 'buy', 'reason': 'sma_crossover', 'price': 1376013000.0, 'amount': 153753.63570335624, 'asset_after': 0.0002506574017044562, 'cash_after': 615014.542813425}
2026-08-29T10:21:50+00:00 price=Rp 1,376,013,000.00 equity=Rp 959,922.39
2026-08-29T10:22:50+00:00 price=Rp 1,376,013,000.00 equity=Rp 959,922.39
2026-08-29T10:23:50+00:00 price=Rp 1,376,012,000.00 equity=Rp 959,922.14
2026-08-29T10:24:50+00:00 price=Rp 1,376,013,000.00 equity=Rp 959,922.39
2026-08-29T10:25:50+00:00 price=Rp 1,376,012,000.00 equity=Rp 959,922.14
2026-08-29T10:26:50+00:00 price=Rp 1,376,013,000.00 equity=Rp 959,922.39
2026-08-29T10:27:50+00:00 price=Rp 1,376,013,000.00 equity=Rp 959,922.39
2026-08-29T10:28:50+00:00 price=Rp 1,376,013,000.00 equity=Rp 959,922.39
2026-08-29T10:29:50+00:00 price=Rp 1,376,012,000.00 equity=Rp 959,922.14
2026-08-29T10:30:50+00:00 price=Rp 1,376,013,000.00 equity=Rp 959,922.39
2026-08-29T10:31:50+00:00 price=Rp 1,376,013,000.00 equity=Rp 959,922.39
2026-08-29T10:32:50+00:00 SELL executed (sma_crossover): {'time': '2026-08-29T10:32:50+00:00', 'mode': 'paper', 'side': 'sell', 'reason': 'sma_crossover', 'price': 1376012000.0, 'amount': 0.0002506574017044562, 'asset_after': 0.0, 'cash_after': 958887.4126696747}
2026-08-29T10:32:50+00:00 price=Rp 1,376,012,000.00 equity=Rp 958,887.41
2026-08-29T10:33:50+00:00 price=Rp 1,376,012,000.00 equity=Rp 958,887.41
2026-08-29T10:34:50+00:00 price=Rp 1,376,012,000.00 equity=Rp 958,887.41
2026-08-29T10:35:50+00:00 price=Rp 1,376,013,000.00 equity=Rp 958,887.41
2026-08-29T10:36:50+00:00 price=Rp 1,376,012,000.00 equity=Rp 958,887.41
2026-08-29T10:37:50+00:00 price=Rp 1,376,013,000.00 equity=Rp 958,887.41
2026-08-29T10:38:51+00:00 price=Rp 1,376,012,000.00 equity=Rp 958,887.41
2026-08-29T10:39:51+00:00 price=Rp 1,376,013,000.00 equity=Rp 958,887.41
2026-08-29T10:40:51+00:00 price=Rp 1,376,011,000.00 equity=Rp 958,887.41
2026-08-29T10:41:51+00:00 price=Rp 1,376,012,000.00 equity=Rp 958,887.41
2026-08-29T10:42:53+00:00 price=Rp 1,376,013,000.00 equity=Rp 958,887.41
2026-08-29T10:43:53+00:00 price=Rp 1,376,012,000.00 equity=Rp 958,887.41
2026-08-29T10:44:53+00:00 price=Rp 1,376,000,000.00 equity=Rp 958,887.41
2026-08-29T10:45:53+00:00 price=Rp 1,376,000,000.00 equity=Rp 958,887.41
2026-08-29T10:46:53+00:00 price=Rp 1,376,000,000.00 equity=Rp 958,887.41
2026-08-29T10:47:53+00:00 price=Rp 1,376,012,000.00 equity=Rp 958,887.41
2026-08-29T10:48:53+00:00 price=Rp 1,376,000,000.00 equity=Rp 958,887.41
2026-08-29T10:49:53+00:00 price=Rp 1,376,012,000.00 equity=Rp 958,887.41
2026-08-29T10:50:53+00:00 price=Rp 1,376,012,000.00 equity=Rp 958,887.41
2026-08-29T10:51:53+00:00 price=Rp 1,376,000,000.00 equity=Rp 958,887.41
2026-08-29T10:52:53+00:00 price=Rp 1,376,000,000.00 equity=Rp 958,887.41
2026-08-29T10:53:53+00:00 BUY executed (sma_crossover): {'time': '2026-08-29T10:53:53+00:00', 'mode': 'paper', 'side': 'buy', 'reason': 'sma_crossover', 'price': 1376326000.0, 'amount': 191777.48253393496, 'asset_after': 0.0001389221376958171, 'cash_after': 767109.9301357397}
2026-08-29T10:53:53+00:00 price=Rp 1,376,326,000.00 equity=Rp 958,312.08
2026-08-29T10:54:53+00:00 price=Rp 1,376,328,000.00 equity=Rp 958,312.36
2026-08-29T10:55:53+00:00 price=Rp 1,376,328,000.00 equity=Rp 958,312.36
2026-08-29T10:56:53+00:00 price=Rp 1,376,000,000.00 equity=Rp 958,266.79
2026-08-29T10:57:53+00:00 price=Rp 1,376,000,000.00 equity=Rp 958,266.79
2026-08-29T10:58:53+00:00 price=Rp 1,376,324,000.00 equity=Rp 958,311.80
2026-08-29T10:59:53+00:00 price=Rp 1,376,001,000.00 equity=Rp 958,266.93
2026-08-29T11:00:53+00:00 price=Rp 1,376,000,000.00 equity=Rp 958,266.79
2026-08-29T11:01:53+00:00 price=Rp 1,376,000,000.00 equity=Rp 958,266.79
2026-08-29T11:02:53+00:00 price=Rp 1,375,999,000.00 equity=Rp 958,266.65
2026-08-29T11:03:54+00:00 price=Rp 1,375,998,000.00 equity=Rp 958,266.51
2026-08-29T11:04:54+00:00 SELL executed (sma_crossover): {'time': '2026-08-29T11:04:54+00:00', 'mode': 'paper', 'side': 'sell', 'reason': 'sma_crossover', 'price': 1375000000.0, 'amount': 0.0001389221376958171, 'asset_after': 0.0, 'cash_after': 957554.815649493}
2026-08-29T11:04:54+00:00 price=Rp 1,375,000,000.00 equity=Rp 957,554.82
2026-08-29T11:05:54+00:00 price=Rp 1,374,750,000.00 equity=Rp 957,554.82
2026-08-29T11:06:54+00:00 price=Rp 1,374,576,000.00 equity=Rp 957,554.82
2026-08-29T11:07:54+00:00 price=Rp 1,374,998,000.00 equity=Rp 957,554.82
2026-08-29T11:08:55+00:00 price=Rp 1,374,461,000.00 equity=Rp 957,554.82
2026-08-29T11:09:55+00:00 price=Rp 1,374,999,000.00 equity=Rp 957,554.82
2026-08-29T11:10:55+00:00 price=Rp 1,375,797,000.00 equity=Rp 957,554.82
2026-08-29T11:11:55+00:00 price=Rp 1,375,797,000.00 equity=Rp 957,554.82
2026-08-29T11:12:55+00:00 price=Rp 1,375,996,000.00 equity=Rp 957,554.82
2026-08-29T11:13:55+00:00 price=Rp 1,375,997,000.00 equity=Rp 957,554.82
2026-08-29T11:14:55+00:00 price=Rp 1,375,264,000.00 equity=Rp 957,554.82
2026-08-29T11:15:55+00:00 price=Rp 1,375,341,000.00 equity=Rp 957,554.82
2026-08-29T11:16:55+00:00 price=Rp 1,375,999,000.00 equity=Rp 957,554.82
2026-08-29T11:17:55+00:00 price=Rp 1,375,999,000.00 equity=Rp 957,554.82
2026-08-29T11:18:55+00:00 price=Rp 1,374,956,000.00 equity=Rp 957,554.82
2026-08-29T11:19:55+00:00 price=Rp 1,374,619,000.00 equity=Rp 957,554.82
2026-08-29T11:20:55+00:00 price=Rp 1,374,463,000.00 equity=Rp 957,554.82
2026-08-29T11:21:55+00:00 price=Rp 1,375,996,000.00 equity=Rp 957,554.82
2026-08-29T11:22:55+00:00 price=Rp 1,374,462,000.00 equity=Rp 957,554.82
2026-08-29T11:23:56+00:00 price=Rp 1,375,996,000.00 equity=Rp 957,554.82
2026-08-29T11:24:56+00:00 price=Rp 1,374,462,000.00 equity=Rp 957,554.82
2026-08-29T11:25:56+00:00 price=Rp 1,374,462,000.00 equity=Rp 957,554.82
2026-08-29T11:26:56+00:00 price=Rp 1,374,461,000.00 equity=Rp 957,554.82
2026-08-29T11:27:56+00:00 price=Rp 1,374,461,000.00 equity=Rp 957,554.82
2026-08-29T11:28:56+00:00 price=Rp 1,375,994,000.00 equity=Rp 957,554.82
2026-08-29T11:29:56+00:00 price=Rp 1,374,461,000.00 equity=Rp 957,554.82
2026-08-29T11:30:56+00:00 price=Rp 1,375,994,000.00 equity=Rp 957,554.82
2026-08-29T11:31:56+00:00 price=Rp 1,375,994,000.00 equity=Rp 957,554.82
2026-08-29T11:32:56+00:00 price=Rp 1,374,461,000.00 equity=Rp 957,554.82
2026-08-29T11:33:56+00:00 price=Rp 1,375,993,000.00 equity=Rp 957,554.82
2026-08-29T11:34:56+00:00 price=Rp 1,374,461,000.00 equity=Rp 957,554.82
2026-08-29T11:35:56+00:00 price=Rp 1,375,993,000.00 equity=Rp 957,554.82
2026-08-29T11:36:56+00:00 BUY executed (sma_crossover): {'time': '2026-08-29T11:36:56+00:00', 'mode': 'paper', 'side': 'buy', 'reason': 'sma_crossover', 'price': 1374461000.0, 'amount': 191510.96312989862, 'asset_after': 0.00013891731394379973, 'cash_after': 766043.8525195944}
2026-08-29T11:36:56+00:00 price=Rp 1,374,461,000.00 equity=Rp 956,980.28
2026-08-29T11:37:56+00:00 price=Rp 1,375,993,000.00 equity=Rp 957,193.10
2026-08-29T11:38:56+00:00 price=Rp 1,375,993,000.00 equity=Rp 957,193.10
2026-08-29T11:39:56+00:00 price=Rp 1,374,004,000.00 equity=Rp 956,916.80
2026-08-29T11:40:56+00:00 SELL executed (sma_crossover): {'time': '2026-08-29T11:40:56+00:00', 'mode': 'paper', 'side': 'sell', 'reason': 'sma_crossover', 'price': 1374042000.0, 'amount': 0.00013891731394379973, 'asset_after': 0.0, 'cash_after': 956349.4417339029}
2026-08-29T11:40:56+00:00 price=Rp 1,374,042,000.00 equity=Rp 956,349.44
2026-08-29T11:41:56+00:00 price=Rp 1,374,004,000.00 equity=Rp 956,349.44
2026-08-29T11:42:56+00:00 price=Rp 1,374,004,000.00 equity=Rp 956,349.44
2026-08-29T11:43:56+00:00 price=Rp 1,374,004,000.00 equity=Rp 956,349.44
2026-08-29T11:44:56+00:00 price=Rp 1,375,590,000.00 equity=Rp 956,349.44
2026-08-29T11:45:56+00:00 price=Rp 1,373,701,000.00 equity=Rp 956,349.44
2026-08-29T11:46:56+00:00 price=Rp 1,375,250,000.00 equity=Rp 956,349.44
2026-08-29T11:47:56+00:00 price=Rp 1,375,247,000.00 equity=Rp 956,349.44
2026-08-29T11:48:56+00:00 price=Rp 1,375,250,000.00 equity=Rp 956,349.44
2026-08-29T11:49:56+00:00 price=Rp 1,373,705,000.00 equity=Rp 956,349.44
2026-08-29T11:50:56+00:00 price=Rp 1,373,704,000.00 equity=Rp 956,349.44
2026-08-29T11:51:57+00:00 price=Rp 1,375,247,000.00 equity=Rp 956,349.44
2026-08-29T11:52:57+00:00 price=Rp 1,375,247,000.00 equity=Rp 956,349.44
2026-08-29T11:53:57+00:00 price=Rp 1,375,247,000.00 equity=Rp 956,349.44
2026-08-29T11:54:57+00:00 price=Rp 1,373,461,000.00 equity=Rp 956,349.44
2026-08-29T11:55:57+00:00 price=Rp 1,375,096,000.00 equity=Rp 956,349.44
2026-08-29T11:56:57+00:00 price=Rp 1,373,704,000.00 equity=Rp 956,349.44
2026-08-29T11:57:57+00:00 price=Rp 1,374,018,000.00 equity=Rp 956,349.44
2026-08-29T11:58:57+00:00 price=Rp 1,374,018,000.00 equity=Rp 956,349.44
2026-08-29T11:59:57+00:00 price=Rp 1,374,018,000.00 equity=Rp 956,349.44
2026-08-29T12:00:57+00:00 price=Rp 1,374,439,000.00 equity=Rp 956,349.44
2026-08-29T12:01:57+00:00 price=Rp 1,374,438,000.00 equity=Rp 956,349.44
2026-08-29T12:02:58+00:00 price=Rp 1,373,704,000.00 equity=Rp 956,349.44
2026-08-29T12:03:58+00:00 price=Rp 1,374,438,000.00 equity=Rp 956,349.44
2026-08-29T12:04:58+00:00 price=Rp 1,374,438,000.00 equity=Rp 956,349.44
2026-08-29T12:05:58+00:00 price=Rp 1,373,461,000.00 equity=Rp 956,349.44
2026-08-29T12:06:58+00:00 price=Rp 1,373,461,000.00 equity=Rp 956,349.44
2026-08-29T12:07:58+00:00 price=Rp 1,374,438,000.00 equity=Rp 956,349.44
2026-08-29T12:08:58+00:00 price=Rp 1,374,438,000.00 equity=Rp 956,349.44
2026-08-29T12:09:58+00:00 price=Rp 1,373,461,000.00 equity=Rp 956,349.44
2026-08-29T12:10:58+00:00 price=Rp 1,373,989,000.00 equity=Rp 956,349.44
2026-08-29T12:11:58+00:00 price=Rp 1,373,461,000.00 equity=Rp 956,349.44
2026-08-29T12:12:58+00:00 price=Rp 1,373,987,000.00 equity=Rp 956,349.44
2026-08-29T12:13:58+00:00 price=Rp 1,374,438,000.00 equity=Rp 956,349.44
2026-08-29T12:14:58+00:00 price=Rp 1,374,438,000.00 equity=Rp 956,349.44
2026-08-29T12:15:58+00:00 price=Rp 1,374,438,000.00 equity=Rp 956,349.44
2026-08-29T12:16:58+00:00 price=Rp 1,374,438,000.00 equity=Rp 956,349.44
2026-08-29T12:17:58+00:00 price=Rp 1,374,438,000.00 equity=Rp 956,349.44
2026-08-29T12:18:58+00:00 price=Rp 1,373,614,000.00 equity=Rp 956,349.44
2026-08-29T12:19:58+00:00 price=Rp 1,374,438,000.00 equity=Rp 956,349.44
2026-08-29T12:20:58+00:00 price=Rp 1,373,812,000.00 equity=Rp 956,349.44
2026-08-29T12:21:58+00:00 BUY executed (sma_crossover): {'time': '2026-08-29T12:21:58+00:00', 'mode': 'paper', 'side': 'buy', 'reason': 'sma_crossover', 'price': 1374438000.0, 'amount': 191269.8883467806, 'asset_after': 0.00013874476599289327, 'cash_after': 765079.5533871223}
2026-08-29T12:21:58+00:00 price=Rp 1,374,438,000.00 equity=Rp 955,775.63
2026-08-29T12:22:58+00:00 price=Rp 1,374,438,000.00 equity=Rp 955,775.63
2026-08-29T12:24:00+00:00 price=Rp 1,373,306,000.00 equity=Rp 955,618.57
2026-08-29T12:25:00+00:00 SELL executed (sma_crossover): {'time': '2026-08-29T12:25:00+00:00', 'mode': 'paper', 'side': 'sell', 'reason': 'sma_crossover', 'price': 1373147000.0, 'amount': 0.00013874476599289327, 'asset_after': 0.0, 'cash_after': 955024.9616983992}
2026-08-29T12:25:00+00:00 price=Rp 1,373,147,000.00 equity=Rp 955,024.96
2026-08-29T12:26:01+00:00 price=Rp 1,373,147,000.00 equity=Rp 955,024.96
2026-08-29T12:27:01+00:00 price=Rp 1,373,147,000.00 equity=Rp 955,024.96
2026-08-29T12:28:01+00:00 price=Rp 1,373,147,000.00 equity=Rp 955,024.96
2026-08-29T12:29:01+00:00 price=Rp 1,373,147,000.00 equity=Rp 955,024.96
2026-08-29T12:30:01+00:00 price=Rp 1,373,146,000.00 equity=Rp 955,024.96
2026-08-29T12:31:01+00:00 price=Rp 1,373,146,000.00 equity=Rp 955,024.96
2026-08-29T12:32:01+00:00 price=Rp 1,372,605,000.00 equity=Rp 955,024.96
2026-08-29T12:33:01+00:00 price=Rp 1,373,427,000.00 equity=Rp 955,024.96
2026-08-29T12:34:01+00:00 price=Rp 1,373,427,000.00 equity=Rp 955,024.96
2026-08-29T12:35:01+00:00 price=Rp 1,373,365,000.00 equity=Rp 955,024.96
2026-08-29T12:36:01+00:00 price=Rp 1,372,605,000.00 equity=Rp 955,024.96
2026-08-29T12:37:01+00:00 price=Rp 1,373,426,000.00 equity=Rp 955,024.96
2026-08-29T12:38:01+00:00 price=Rp 1,372,605,000.00 equity=Rp 955,024.96
2026-08-29T12:39:01+00:00 price=Rp 1,373,427,000.00 equity=Rp 955,024.96
2026-08-29T12:40:01+00:00 price=Rp 1,373,426,000.00 equity=Rp 955,024.96
2026-08-29T12:41:01+00:00 price=Rp 1,373,426,000.00 equity=Rp 955,024.96
2026-08-29T12:42:01+00:00 price=Rp 1,371,870,000.00 equity=Rp 955,024.96
2026-08-29T12:43:01+00:00 price=Rp 1,371,870,000.00 equity=Rp 955,024.96
2026-08-29T12:44:01+00:00 price=Rp 1,373,423,000.00 equity=Rp 955,024.96
2026-08-29T12:45:01+00:00 price=Rp 1,373,420,000.00 equity=Rp 955,024.96
2026-08-29T12:46:01+00:00 price=Rp 1,373,420,000.00 equity=Rp 955,024.96
2026-08-29T12:47:01+00:00 price=Rp 1,371,870,000.00 equity=Rp 955,024.96
2026-08-29T12:48:01+00:00 price=Rp 1,373,420,000.00 equity=Rp 955,024.96
2026-08-29T12:49:01+00:00 price=Rp 1,372,153,000.00 equity=Rp 955,024.96
2026-08-29T12:50:01+00:00 price=Rp 1,373,420,000.00 equity=Rp 955,024.96
2026-08-29T12:51:01+00:00 price=Rp 1,373,420,000.00 equity=Rp 955,024.96
2026-08-29T12:52:01+00:00 price=Rp 1,373,420,000.00 equity=Rp 955,024.96
2026-08-29T12:53:01+00:00 BUY executed (sma_crossover): {'time': '2026-08-29T12:53:01+00:00', 'mode': 'paper', 'side': 'buy', 'reason': 'sma_crossover', 'price': 1373420000.0, 'amount': 191004.99233967985, 'asset_after': 0.00013865531109395583, 'cash_after': 764019.9693587193}
2026-08-29T12:53:01+00:00 price=Rp 1,373,420,000.00 equity=Rp 954,451.95
2026-08-29T12:54:02+00:00 SELL executed (sma_crossover): {'time': '2026-08-29T12:54:02+00:00', 'mode': 'paper', 'side': 'sell', 'reason': 'sma_crossover', 'price': 1372000000.0, 'amount': 0.00013865531109395583, 'asset_after': 0.0, 'cash_after': 953684.350919164}
2026-08-29T12:54:02+00:00 price=Rp 1,372,000,000.00 equity=Rp 953,684.35
2026-08-29T12:55:02+00:00 price=Rp 1,372,000,000.00 equity=Rp 953,684.35
2026-08-29T12:56:02+00:00 price=Rp 1,373,419,000.00 equity=Rp 953,684.35
2026-08-29T12:57:02+00:00 price=Rp 1,373,419,000.00 equity=Rp 953,684.35
2026-08-29T12:58:02+00:00 price=Rp 1,373,419,000.00 equity=Rp 953,684.35
2026-08-29T12:59:02+00:00 BUY blocked: daily loss limit reached
2026-08-29T12:59:02+00:00 price=Rp 1,373,419,000.00 equity=Rp 953,684.35
2026-08-29T13:00:02+00:00 price=Rp 1,373,419,000.00 equity=Rp 953,684.35
2026-08-29T13:01:02+00:00 price=Rp 1,372,111,000.00 equity=Rp 953,684.35
2026-08-29T13:02:02+00:00 price=Rp 1,372,111,000.00 equity=Rp 953,684.35
2026-08-29T13:03:02+00:00 price=Rp 1,373,419,000.00 equity=Rp 953,684.35
2026-08-29T13:04:02+00:00 price=Rp 1,372,112,000.00 equity=Rp 953,684.35
2026-08-29T13:05:02+00:00 price=Rp 1,372,113,000.00 equity=Rp 953,684.35
2026-08-29T13:06:02+00:00 price=Rp 1,373,420,000.00 equity=Rp 953,684.35
2026-08-29T13:07:02+00:00 price=Rp 1,372,146,000.00 equity=Rp 953,684.35
2026-08-29T13:08:02+00:00 price=Rp 1,372,146,000.00 equity=Rp 953,684.35
2026-08-29T13:09:02+00:00 price=Rp 1,373,420,000.00 equity=Rp 953,684.35
2026-08-29T13:10:02+00:00 price=Rp 1,373,420,000.00 equity=Rp 953,684.35
2026-08-29T13:11:02+00:00 price=Rp 1,373,420,000.00 equity=Rp 953,684.35
2026-08-29T13:12:02+00:00 price=Rp 1,372,799,000.00 equity=Rp 953,684.35
2026-08-29T13:13:02+00:00 price=Rp 1,373,420,000.00 equity=Rp 953,684.35
2026-08-29T13:14:02+00:00 BUY blocked: daily loss limit reached
2026-08-29T13:14:02+00:00 price=Rp 1,373,420,000.00 equity=Rp 953,684.35
2026-08-29T13:15:02+00:00 price=Rp 1,373,418,000.00 equity=Rp 953,684.35
2026-08-29T13:16:02+00:00 price=Rp 1,373,418,000.00 equity=Rp 953,684.35
2026-08-29T13:17:02+00:00 price=Rp 1,373,419,000.00 equity=Rp 953,684.35
2026-08-29T13:18:02+00:00 price=Rp 1,374,438,000.00 equity=Rp 953,684.35
2026-08-29T13:19:03+00:00 price=Rp 1,374,438,000.00 equity=Rp 953,684.35
2026-08-29T13:20:03+00:00 price=Rp 1,374,438,000.00 equity=Rp 953,684.35
2026-08-29T13:21:03+00:00 price=Rp 1,374,430,000.00 equity=Rp 953,684.35
2026-08-29T13:22:03+00:00 price=Rp 1,373,535,000.00 equity=Rp 953,684.35
2026-08-29T13:23:03+00:00 price=Rp 1,374,439,000.00 equity=Rp 953,684.35
2026-08-29T13:24:03+00:00 price=Rp 1,374,439,000.00 equity=Rp 953,684.35
2026-08-29T13:25:03+00:00 price=Rp 1,373,684,000.00 equity=Rp 953,684.35
2026-08-29T13:26:03+00:00 price=Rp 1,374,439,000.00 equity=Rp 953,684.35
2026-08-29T13:27:03+00:00 price=Rp 1,373,700,000.00 equity=Rp 953,684.35
